Report ID,Report Version,Reporting Entity,Report Type,Report Month,Report Year,Report Submission Date,VIN,VIN - Unknown,Serial Number,Make,Model,Model - Unknown,Model Year,Model Year - Unknown,Same Vehicle ID,Mileage,Mileage - Unknown,Driver / Operator Type,ADAS/ADS Version,ADAS/ADS Version - Unknown,ADAS/ADS Version CBI,ADS Equipped?,Automation System Engaged?,Operating Entity,Operating Entity - Unknown,Source - Complaint/Claim,Source - Telematics,Source - Law Enforcement,Source - Field Report,Source - Testing,Source - Media,Source - Other,Source - Other Text,Incident Date,Incident Date - Unknown,Notice Received Date,Incident Time (24:00),Incident Time - Unknown,Same Incident ID,Latitude,Latitude  - Unknown,Longitude,Longitude - Unknown,Address,Address - Unknown,City,City - Unknown,State,Zip Code,Zip Code - Unknown,Roadway Type,Roadway Surface,Roadway Description,Posted Speed Limit (MPH),Posted Speed Limit - Unknown,Lighting,Weather - Clear,Weather - Snow,Weather - Cloudy,Weather - Fog/Smoke,Weather - Rain,Weather - Severe Wind,Weather - Unknown,Weather - Other,Weather - Other Text,Crash With,Highest Injury Severity,Property Damage?,CP Pre-Crash Movement,CP Any Air Bags Deployed?,CP Was Vehicle Towed?,CP Contact Area - Rear Left,CP Contact Area - Left,CP Contact Area - Front Left,CP Contact Area - Rear,CP Contact Area - Top,CP Contact Area - Front,CP Contact Area - Rear Right,CP Contact Area - Right,CP Contact Area - Front Right,CP Contact Area - Bottom,CP Contact Area - Unknown,SV Pre-Crash Movement,SV Any Air Bags Deployed?,SV Was Vehicle Towed?,SV Were All Passengers Belted?,SV Precrash Speed (MPH),SV Pre-crash Speed - Unknown,SV Contact Area - Rear Left,SV Contact Area - Left,SV Contact Area - Front Left,SV Contact Area - Rear,SV Contact Area - Top,SV Contact Area - Front,SV Contact Area - Rear Right,SV Contact Area - Right,SV Contact Area - Front Right,SV Contact Area - Bottom,SV Contact Area - Unknown,Data Availability - EDR,Data Availability - Police Rpt,Data Availability - Telematics,Data Availability - Complaints,Data Availability - Video,Data Availability - Other,Data Availability - No Data,Data Availability - Unknown,Law Enforcement Investigating?,Investigating Agency,Investigating Agency - Unknown,Rep Ent Or Mfr Investigating?,Investigating Officer Name,Inv. Officer Name - Unknown,Investigating Officer Phone,Inv. Officer Phone - Unknown,Investigating Officer Email,Inv. Officer Email - Unknown,Within ODD?,Within ODD? - CBI,Narrative,Narrative - CBI?
30290-4128,1,Argo AI,Monthly,10,2022,Oct-22,1FMCU0DZ3LU, ,N/A,Ford,Escape, ,2020, ,44e401161509e26,2277, ,In-Vehicle (Commercial / Test),"[REDACTED, MAY CONTAIN CONFIDENTIAL BUSINESS INFORMATION]", ,Y,Yes,ADS,Argo AI, , , , ,Y,Y, , ,,Oct-22, ,Oct-22,8:00, ,04f2cedde6aabb4,[MAY CONTAIN PERSONALLY IDENTIFIABLE INFORMATION], ,[MAY CONTAIN PERSONALLY IDENTIFIABLE INFORMATION], ,[MAY CONTAIN PERSONALLY IDENTIFIABLE INFORMATION], ,Austin, ,TX ,[MAY CONTAIN PERSONALLY IDENTIFIABLE INFORMATION], ,Street,Dry,No Unusual Conditions,25, ,Daylight,Y, , , , , , , ,,Passenger Car,No Injuries Reported,Yes,Proceeding Straight,No,No, , , , , , , ,Y, , , ,Making Right Turn,No,No,Yes,0, ,Y, , , , , , , , , , , , , , ,Y,Y, , ,No,, ,Yes,, ,, ,, ,"[REDACTED, MAY CONTAIN CONFIDENTIAL BUSINESS INFORMATION]",Y,"An Argo AI Autonomous Vehicle (""Argo AV"") was impacted in the rear while traveling [REDACTED, MAY CONTAIN CONFIDENTIAL BUSINESS INFORMATION]. As the Argo AV was completing the turn, the vehicle directly behind the Argo AV continued straight, failed to provide sufficient clearance, and contacted the driver side corner of the rear bumper of the Argo AV. [REDACTED, MAY CONTAIN CONFIDENTIAL BUSINESS INFORMATION] 
""Other"" data availability: test vehicle data.",Y
30290-4127,1,Argo AI,Monthly,10,2022,Oct-22,1FMCU0DZ3LU, ,N/A,Ford,Escape, ,2020, ,44e401161509e26,1912, ,In-Vehicle (Commercial / Test),"[REDACTED, MAY CONTAIN CONFIDENTIAL BUSINESS INFORMATION]", ,Y,Yes,ADS,Argo AI, , , , ,Y,Y, , ,,Oct-22, ,Oct-22,13:14, ,f96aa95fcd96be5,[MAY CONTAIN PERSONALLY IDENTIFIABLE INFORMATION], ,[MAY CONTAIN PERSONALLY IDENTIFIABLE INFORMATION], ,[MAY CONTAIN PERSONALLY IDENTIFIABLE INFORMATION], ,Austin, ,TX ,[MAY CONTAIN PERSONALLY IDENTIFIABLE INFORMATION], ,Street,Dry,No Unusual Conditions,30, ,Daylight,Y, , , , , , , ,,Passenger Car,No Injuries Reported,Yes,Parked,No,No, ,Y, , , , , , , , , ,Proceeding Straight,No,No,Yes,11, , , , , , , , ,Y, , , , , , , ,Y,Y, , ,No,, ,Yes,, ,, ,, ,"[REDACTED, MAY CONTAIN CONFIDENTIAL BUSINESS INFORMATION]",Y,"An Argo AI Autonomous Vehicle (""Argo AV"") was traveling [REDACTED, MAY CONTAIN CONFIDENTIAL BUSINESS INFORMATION]. The Test Specialist determined that they would like to pull the vehicle over and transitioned the Argo AV out of Autonomous mode and into Manual mode.  While in Manual mode for 21 seconds, the Test Specialist made a right turn on Crest Ave, and, when passing a parked vehicle, the Argo AV contacted the driver-side mirror of the parked vehicle. [REDACTED, MAY CONTAIN CONFIDENTIAL BUSINESS INFORMATION] 
""Other"" data availability: test vehicle data.",Y
1422-4087,2,"Volvo Car USA, LLC",10-Day Update,,,Oct-22,LPSED3KA9NL, ,N/A,Polestar,Polestar 2, ,2022, ,0c2f1d8b59e2117,9214, ,In-Vehicle (Commercial / Test),Pilot Assist, , ,Yes,ADAS,Polestar, , , , ,Y, , , ,,Oct-22, ,Oct-22,8:23, ,49cddd631fa898b,,Y,,Y,[MAY CONTAIN PERSONALLY IDENTIFIABLE INFORMATION], ,,Y,FL ,,Y,Highway / Freeway,Dry,No Unusual Conditions,50, ,Daylight,Y, , , , , , , ,,Other Fixed Object,No Injuries Reported,Yes,,,, , , , , , , , , , , ,Proceeding Straight,No,Yes,Yes,55, , , , , , , ,Y, ,Y,Y, ,Y, , , , , , , ,No,, ,Yes,, ,, ,, ,"Unknown, see Narrative", ,"The initial submission was by email and electronic form to SGO Mailbox on 10/18/2022 at 10:09PM.  This is a resubmission of data using the SGO portal with Volvo Cars USA, LLC account on behalf of Polestar Automotive USA. Volvo Cars USA, LLC is submitting this report on behalf of Polestar Automotive USA and Polestar Performance AB.  The vehicle was a company vehicle (owned by Polestar Automotive USA) driven by a company employee, with no known modifications to the factory hardware condition or software updates or changes not released to the public. Subject vehicle was traveling around a curve on the freeway interchange at approximately 55mph, recommended speed in that portion of exchange was 50mph.  Driver looked down and took attention off the road.  The vehicle continued slightly straight, running up and grazing off the concrete barrier, before coming back into the lane.  The vehicle's rear suspension, rear and front wheel/tire were damaged. Vehicle was towed from the scene. We have recovered data from the vehicle and are currently reviewing what information was stored for the incident and will update this report.
10 Day update: After review of the EDR data the technical team was able to determine the following: Pilot Assist was disengaged due to the lateral acceleration exceeded the system limit and the available steering torque system input exceeding the limit.  The vehicle could not steer enough to follow the lane. Several warnings were issued: visually in the DIM (Drivers Information Module, display), haptically in the steering wheel, before Pilot Assist was disengaged. The driver is always responsible for ensuring that the vehicle is driven in a safe manner. The driver failed to take control of the vehicle when the vehicles Pilot Assist gave the warnings.", 
30531-4108,1,Transdev Alternative Services,1-Day,,,Oct-22,1XPBD49X9ND, ,N/A,Peterbilt,579 Epiq, ,2022, ,ecbf8e4637f763d,151927, ,In-Vehicle (Commercial / Test),5th Generation ADS, , ,Yes,ADS,Waymo LLC, , ,Y, , , , , ,,Oct-22, ,Oct-22,13:35, ,17c618d238f493f,[MAY CONTAIN PERSONALLY IDENTIFIABLE INFORMATION], ,[MAY CONTAIN PERSONALLY IDENTIFIABLE INFORMATION], ,[MAY CONTAIN PERSONALLY IDENTIFIABLE INFORMATION], ,Tempe, ,AZ ,[MAY CONTAIN PERSONALLY IDENTIFIABLE INFORMATION], ,Highway / Freeway,Dry,No Unusual Conditions,65, ,Daylight,Y, , , , , , , ,,Passenger Car,No Injuries Reported,Yes,"Other, see Narrative",Yes,Unknown, , ,Y, , ,Y, , ,Y, , ,Proceeding Straight,No,Yes,Yes,59, , , , , , , ,Y,Y, , , , , ,Y, ,Y,Y, , ,Yes,AZ Highway Patrol Division, ,Yes,[MAY CONTAIN PERSONALLY IDENTIFIABLE INFORMATION], ,[MAY CONTAIN PERSONALLY IDENTIFIABLE INFORMATION], ,,Y,Yes, ,"On October [XXX], 2022 at 1:35 PM PST a Waymo Autonomous Vehicle  (""Waymo AV"") Peterbilt Class 8 semi-truck and trailer, operating in Tempe, Arizona was in a collision involving a passenger vehicle on [XXX] near [XXX].
The Waymo AV was traveling in autonomous mode on southbound [XXX] and an SUV was traveling ahead of the Waymo AV in the right adjacent lane.  The SUV approached stopped traffic in its lane and struck a passenger vehicle.  The Waymo AV test driver then transitioned to manual mode.  The passenger vehicle that was struck by the SUV spun 90 degrees counterclockwise and was pushed partially into the Waymo AV's lane, making contact with the right side of the Waymo AV and trailer.  At the time of the impact, the Waymo AV's Level 4 ADS was not engaged and a test driver was operating the Waymo AV in manual mode.  The Waymo AV, trailer, and passenger vehicle sustained damage.
Transdev Alternative Services is reporting this crash under Request no. 1 of Standing General Order 2021-01 because an airbag deployed (in the passenger vehicle) and a vehicle involved was towed away.  Transdev may supplement or correct its reporting with additional information as it may become available.  This report is a duplicate of WaymoLLC-20221023-0 (rev.20221024203214).", 
30270-4104,1,Waymo LLC,1-Day,,,Oct-22,1XPBD49X9ND, ,N/A,Peterbilt,579 Epiq, ,2022, ,ecbf8e4637f763d,151927, ,In-Vehicle (Commercial / Test),5th Generation ADS, , ,Yes,ADS,Waymo LLC, , ,Y, , , , , ,,Oct-22, ,Oct-22,13:35, ,17c618d238f493f,[MAY CONTAIN PERSONALLY IDENTIFIABLE INFORMATION], ,[MAY CONTAIN PERSONALLY IDENTIFIABLE INFORMATION], ,[MAY CONTAIN PERSONALLY IDENTIFIABLE INFORMATION], ,Tempe, ,AZ ,[MAY CONTAIN PERSONALLY IDENTIFIABLE INFORMATION], ,Highway / Freeway,Dry,No Unusual Conditions,65, ,Daylight,Y, , , , , , , ,,Passenger Car,No Injuries Reported,Yes,"Other, see Narrative",Yes,Unknown, , ,Y, , ,Y, , ,Y, , ,Proceeding Straight,No,Yes,Yes,59, , , , , , , ,Y,Y, , , , , ,Y, ,Y,Y, , ,Yes,AZ Highway Patrol Division, ,Yes,[MAY CONTAIN PERSONALLY IDENTIFIABLE INFORMATION], ,[MAY CONTAIN PERSONALLY IDENTIFIABLE INFORMATION], ,,Y,Yes, ,"On October [XXX], 2022 at 1:35 PM PST a Waymo Autonomous Vehicle (Waymo AV) Peterbilt Class 8 semi-truck and trailer, operating in Tempe, Arizona was in a collision involving a passenger vehicle on [XXX] near [XXX].
The Waymo AV was traveling in autonomous mode on southbound [XXX] and an SUV was traveling ahead of the Waymo AV in the right adjacent lane. The SUV approached stopped traffic in its lane and struck a passenger vehicle. The Waymo AV test driver then transitioned to manual mode. The passenger vehicle that was struck by the SUV spun 90 degrees counterclockwise and was pushed partially into the Waymo AVs lane, making contact with the right side of the Waymo AV and trailer. At the time of the impact, the Waymo AVs Level 4 ADS was not engaged and a test driver was operating the Waymo AV in manual mode. The Waymo AV, trailer, and passenger vehicle sustained damage.
Waymo is reporting this crash under Request No. 1 of Standing General Order 2021-01 because an airbag deployed (in the passenger vehicle) and a vehicle involved was towed away. Waymo may supplement or correct its reporting with additional information as it may become available.", 
1422-4087,1,"Volvo Car USA, LLC",1-Day,,,Oct-22,LPSED3KA9NL, ,N/A,Polestar,Polestar 2, ,2022, ,0c2f1d8b59e2117,9214, ,In-Vehicle (Commercial / Test),Pilot Assist, , ,Yes,ADAS,Polestar, , , , ,Y, , , ,,Oct-22, ,Oct-22,8:23, ,49cddd631fa898b,,Y,,Y,[MAY CONTAIN PERSONALLY IDENTIFIABLE INFORMATION], ,,Y,FL ,,Y,Highway / Freeway,Dry,No Unusual Conditions,50, ,Daylight,Y, , , , , , , ,,Other Fixed Object,No Injuries Reported,Yes,,,, , , , , , , , , , , ,Proceeding Straight,No,Yes,Yes,55, , , , , , , ,Y, ,Y,Y, ,Y, , , , , , , ,No,, ,Yes,, ,, ,, ,"Unknown, see Narrative", ,"The initial submission was by email and electronic form to SGO Mailbox on 10/18/2022 at 10:09PM.  This is a resubmission of data using the SGO portal with Volvo Cars USA, LLC account on behalf of Polestar Automotive USA. Volvo Cars USA, LLC is submitting this report on behalf of Polestar Automotive USA and Polestar Performance AB.  The vehicle was a company vehicle (owned by Polestar Automotive USA) driven by a company employee, with no known modifications to the factory hardware condition or software updates or changes not released to the public. Subject vehicle was traveling around a curve on the freeway interchange at approximately 55mph, recommended speed in that portion of exchange was 50mph.  Driver looked down and took attention off the road.  The vehicle continued slightly straight, running up and grazing off the concrete barrier, before coming back into the lane.  The vehicle's rear suspension, rear and front wheel/tire were damaged. Vehicle was towed from the scene. We have recovered data from the vehicle and are currently reviewing what information was stored for the incident and will update this report.", 
30531-4077,1,Transdev Alternative Services,Monthly,9,2022,Oct-22,1XPBD49X2ND, ,N/A,Peterbilt,579 Epiq, ,2022, ,5fdcce1b9f02689,139488, ,In-Vehicle (Commercial / Test),5th Generation ADS, , ,Yes,ADS,Waymo LLC, , ,Y, , , , , ,,Sep-22, ,Sep-22,4:03, ,eaaa32d19d1c43f,[MAY CONTAIN PERSONALLY IDENTIFIABLE INFORMATION], ,[MAY CONTAIN PERSONALLY IDENTIFIABLE INFORMATION], ,[MAY CONTAIN PERSONALLY IDENTIFIABLE INFORMATION], ,Huntsville, ,TX ,[MAY CONTAIN PERSONALLY IDENTIFIABLE INFORMATION], ,Highway / Freeway,Dry,No Unusual Conditions,75, ,Dark - Not Lighted,Y, , , , , , , ,,"Other, see Narrative",No Injuries Reported,Yes,"Other, see Narrative",Not Applicable,Not Applicable, , , , , , , , , , ,Y,Proceeding Straight,No,No,Yes,35, , , , , , , ,Y, , , , , , ,Y, ,Y, , , ,No,, ,Yes,, ,, ,, ,Yes, ,"On September [XXX], 2022 at 4:03 AM PST a Waymo Autonomous Vehicle (""Waymo AV"") Peterbilt Class 8 semi-truck and trailer, operating in Huntsville, Texas was in a collision involving a loose tire on southbound [XXX] near the [XXX].  
The Waymo AV was in autonomous mode and in the rightmost lane approaching a slow-moving pickup truk traveling behind a slow-moving box truck, when the Waymo AV test driver transitioned to manual mode.  The Waymo AV test driver then made a left lane change to pass the two vehicles.  As the Waymo AV passed the pick-up truck and box truck, a loose wheel (including attached tire) appearted from behind the box truck rolling toward the Waymo AV's lane.  The wheel/tire made contact with the passenger right side rear corner of the Waymo AV's trailer.  At the time of the impact, the Waymo AV's Level 4 ADS was not engaged and a test driver was operating the Waymo AV in manual mode.  The Waymo AV's trailer sustained damage.
Transdev Alternative Services is reporting this crash under Request No. 2 of Standing General Order 2021-01.  Transdev may supplement or correct its reporting with additional information as it may become available.  This is a duplicate of WaymoLLC-20220906-0 (rev.20221017215656).", 
30270-4074,1,Waymo LLC,Monthly,9,2022,Oct-22,1XPBD49X2ND, ,N/A,Peterbilt,579 Epiq, ,2022, ,5fdcce1b9f02689,139488, ,In-Vehicle (Commercial / Test),5th Generation ADS, , ,Yes,ADS,Waymo LLC, , ,Y, , , , , ,,Sep-22, ,Sep-22,4:03, ,eaaa32d19d1c43f,[MAY CONTAIN PERSONALLY IDENTIFIABLE INFORMATION], ,[MAY CONTAIN PERSONALLY IDENTIFIABLE INFORMATION], ,[MAY CONTAIN PERSONALLY IDENTIFIABLE INFORMATION], ,Huntsville, ,TX ,[MAY CONTAIN PERSONALLY IDENTIFIABLE INFORMATION], ,Highway / Freeway,Dry,No Unusual Conditions,75, ,Dark - Not Lighted,Y, , , , , , , ,,"Other, see Narrative",No Injuries Reported,Yes,"Other, see Narrative",Not Applicable,Not Applicable, , , , , , , , , , ,Y,Proceeding Straight,No,No,Yes,35, , , , , , , ,Y, , , , , , ,Y, ,Y,Y, , ,No,, ,Yes,, ,, ,, ,Yes, ,"On September [XXX], 2022 at 4:03 AM PST a Waymo Autonomous Vehicle (Waymo AV) Peterbilt Class 8 semi-truck and trailer, operating in Hunstville, Texas was in a collision involving a loose tire on southbound [XXX] near the [XXX].
The Waymo AV was in autonomous mode and in the rightmost lane approaching a slow-moving pickup truck traveling behind a slow-moving box truck, when the Waymo AV test driver transitioned to manual mode. The Waymo AV test driver then made a left lane change to pass the two vehicles. As the Waymo AV passed the pick-up truck and box truck, a loose wheel (including attached tire) appeared from behind the box truck rolling toward the Waymo AVs lane. The wheel/tire made contact with the passenger right side rear corner of the Waymo AVs trailer. At the time of the impact, the Waymo AVs Level 4 ADS was not engaged and a test driver was operating the Waymo AV in manual mode. The Waymo AVs trailer sustained damage.
Waymo is reporting this crash under Request No. 2 of Standing General Order 2021-01. Waymo may supplement or correct its reporting with additional information as it may become available.", 
502-4026,1,Ford Motor Company,Monthly,9,2022,Oct-22,1FMCU0DZ8LU, ,N/A,Ford,Escape, ,2020, ,27e565631721655,2902, ,In-Vehicle (Commercial / Test),"[REDACTED, MAY CONTAIN CONFIDENTIAL BUSINESS INFORMATION]", ,Y,Yes,ADS,Argo AI, , , , ,Y,Y, , ,,Sep-22, ,Sep-22,10:23, ,19bef0b9be25744,[MAY CONTAIN PERSONALLY IDENTIFIABLE INFORMATION], ,[MAY CONTAIN PERSONALLY IDENTIFIABLE INFORMATION], ,[MAY CONTAIN PERSONALLY IDENTIFIABLE INFORMATION], ,Miami, ,FL ,[MAY CONTAIN PERSONALLY IDENTIFIABLE INFORMATION], ,Street,Dry,No Unusual Conditions,25, ,Daylight,Y, , , , , , , ,,Heavy Truck,No Injuries Reported,Yes,Proceeding Straight,No,No, , ,Y, , , , , , , , ,Stopped,No,No,Yes,0, , , ,Y, , , , , , , , , , , , ,Y,Y, , ,Yes,Miami Police Department, ,Yes,,Y,,Y,,Y,"[REDACTED, MAY CONTAIN CONFIDENTIAL BUSINESS INFORMATION]",Y,"As reported by Argo AI to Ford on October 14, 2022 (Report # 30290-3985-1), an Argo AI Autonomous Vehicle (""Argo AV"") was impacted on the driver side front bumper sensor pod while traveling [REDACTED, MAY CONTAIN CONFIDENTIAL BUSINESS INFORMATION]. The Argo AV came to a complete stop when it identified a semi-trailer truck (""the Actor"") attempting to turn right onto [REDACTED, MAY CONTAIN CONFIDENTIAL BUSINESS INFORMATION] while exiting a parking lot. The Actor completed their turn onto [REDACTED, MAY CONTAIN CONFIDENTIAL BUSINESS INFORMATION] and attempted to slowly maneuver between the stationary AV (eastbound) and a parked semi-trailer truck (westbound). The Actor's driver-side wheel contacted the corner of the front bumper sensor pod. The actor did not stop and left the scene. [REDACTED, MAY CONTAIN CONFIDENTIAL BUSINESS INFORMATION]
""Other"" data availability: test vehicle data.",Y
1306-4010,1,Toyota Motor Engineering & Manufacturing,Monthly,9,2022,Oct-22,2T2JGMDA6LC, ,N/A,Lexus,RX450H, ,2020, ,2d0f63a50d3fd79,19352, ,In-Vehicle (Commercial / Test),4, , ,Yes,ADS,May Mobility, , , , ,Y, , , ,,Aug-22, ,Sep-22,16:15, ,7fb8af01e45e543,[MAY CONTAIN PERSONALLY IDENTIFIABLE INFORMATION], ,[MAY CONTAIN PERSONALLY IDENTIFIABLE INFORMATION], ,[MAY CONTAIN PERSONALLY IDENTIFIABLE INFORMATION], ,Arlington, ,TX ,[MAY CONTAIN PERSONALLY IDENTIFIABLE INFORMATION], ,Intersection,Dry,Work Zone,25, ,Daylight,Y, , , , , , , ,,Pickup Truck,No Injuries Reported,Yes,Proceeding Straight,No,No, , , , , ,Y, , , , , ,Stopped,No,No,Yes,10, , , , ,Y, , , , , , , , , ,Y, ,Y,Y, , ,No,, ,No,, ,, ,, ,Yes, ,"This report is being submitted because May Mobility notified Toyota on Sept. 8, 2022 of Monthly Report submission 1306-3355-1,related to an incident reported in July 2022. Toyota has no additional information on this incident beyond what was submitted in the aforementioned Monthly Report. Please refer to the report from May Mobility for details.", 
30290-3985,1,Argo AI,Monthly,9,2022,Oct-22,1FMCU0DZ8LU, ,N/A,Ford,Escape, ,2020, ,27e565631721655,2902, ,In-Vehicle (Commercial / Test),"[REDACTED, MAY CONTAIN CONFIDENTIAL BUSINESS INFORMATION]", ,Y,Yes,ADS,Argo AI, , , , ,Y,Y, , ,,Sep-22, ,Sep-22,10:23, ,19bef0b9be25744,[MAY CONTAIN PERSONALLY IDENTIFIABLE INFORMATION], ,[MAY CONTAIN PERSONALLY IDENTIFIABLE INFORMATION], ,[MAY CONTAIN PERSONALLY IDENTIFIABLE INFORMATION], ,Miami, ,FL ,[MAY CONTAIN PERSONALLY IDENTIFIABLE INFORMATION], ,Street,Dry,No Unusual Conditions,25, ,Daylight,Y, , , , , , , ,,Heavy Truck,No Injuries Reported,Yes,Proceeding Straight,No,No, , ,Y, , , , , , , , ,Stopped,No,No,Yes,0, , , ,Y, , , , , , , , , , , , ,Y,Y, , ,Yes,Miami Police Department, ,Yes,,Y,,Y,,Y,"[REDACTED, MAY CONTAIN CONFIDENTIAL BUSINESS INFORMATION]",Y,"An Argo AI Autonomous Vehicle (""Argo AV"") was impacted on the driver side front bumper sensor pod while traveling [REDACTED, MAY CONTAIN CONFIDENTIAL BUSINESS INFORMATION]. The Argo AV came to a complete stop when it identified a semi-trailer truck (""the Actor"") attempting to turn right onto [REDACTED, MAY CONTAIN CONFIDENTIAL BUSINESS INFORMATION] while exiting a parking lot. The Actor completed their turn onto [REDACTED, MAY CONTAIN CONFIDENTIAL BUSINESS INFORMATION] and attempted to slowly maneuver between the stationary AV (eastbound) and a parked semi-trailer truck (westbound). The Actor's driver-side wheel contacted the corner of the front bumper sensor pod. The actor did not stop and left the scene. [REDACTED, MAY CONTAIN CONFIDENTIAL BUSINESS INFORMATION] 
""Other"" data availability: test vehicle data.",Y
30413-3943,1,May Mobility,Monthly,9,2022,Oct-22,5TDYRKEC0MS, ,N/A,Toyota,Sienna, ,2021, ,1b8e1ba43ca8f0b,700, ,In-Vehicle and Remote (Commercial / Test),4, , ,Yes,ADS,May Mobility, , ,Y, ,Y, , , ,,Sep-22, ,Sep-22,9:02, ,379fa369488a397,[MAY CONTAIN PERSONALLY IDENTIFIABLE INFORMATION], ,[MAY CONTAIN PERSONALLY IDENTIFIABLE INFORMATION], ,[MAY CONTAIN PERSONALLY IDENTIFIABLE INFORMATION], ,Sun City, ,AZ ,[MAY CONTAIN PERSONALLY IDENTIFIABLE INFORMATION], ,Parking Lot,Dry,No Unusual Conditions,,Y,Daylight,Y, , , , , , , ,,Passenger Car,No Injuries Reported,No,Backing,No,No, , , ,Y, , , , , , , ,Backing,No,No,No Passengers in Vehicle,0, , , , , , ,Y, , , , , , , ,Y, ,Y, , , ,No,, ,No,, ,, ,, ,Yes, ,"The May Mobility vehicle was traveling in autonomy through a parking lot and comes to a stop due to a vehicle backing up. Vehicle begins to reverse further so the operator in the May Mobility vehicle takes over and manually reverses. The other vehicle continues backing up and does not stop, contacting the front of the May Mobility vehicle. Other vehicle then proceeds to drive away.", 
30531-3809,2,Transdev Alternative Services,10-Day Update,,,Sep-22,SADHW2S17M1, ,N/A,Jaguar,I-Pace, ,2021, ,2e36ef5640679ec,29977, ,In-Vehicle (Commercial / Test),5th Generation ADS, , ,Yes,ADS,Waymo LLC, , ,Y, , , , , ,,Sep-22, ,Sep-22,13:13, ,5ecd17ff9881950,[MAY CONTAIN PERSONALLY IDENTIFIABLE INFORMATION], ,[MAY CONTAIN PERSONALLY IDENTIFIABLE INFORMATION], ,[MAY CONTAIN PERSONALLY IDENTIFIABLE INFORMATION], ,Phoenix, ,AZ ,[MAY CONTAIN PERSONALLY IDENTIFIABLE INFORMATION], ,Intersection,Dry,No Unusual Conditions,35, ,Daylight,Y, , , , , , , ,,Passenger Car,Unknown,Yes,Proceeding Straight,No,Unknown,Y, ,Y,Y, ,Y,Y, ,Y, , ,Stopped,No,Yes,Yes,0, , , , , , , ,Y, , , , , , ,Y, ,Y,Y, , ,Unknown,,Y,Yes,,Y,,Y,,Y,Yes, ,"Other than updating the ADS Version to the correct Waymo ADS generation, and correcting the ""Were All Passengers Belted?"" and ""Property Damage?"" fields, the content of this report is unchanged from the initial report.
On September [XXX], 2022 at 1:13 PM PST a Waymo Autonomous Vehicle ( Waymo AV ) operating in Phoenix, Arizona was in a collision involving two passenger cars on [XXX] at [XXX].
The Waymo AV was stopped in traffic at a red light facing West on [XXX]. The passenger car immediately behind the Waymo AV slowed and came to a near stop when a second passenger car approaching from behind made contact with the rear of the first passenger car, causing that car to make contact with the rear of the Waymo AV.
At the time of the impact, the Waymo AV's Level 4 ADS was engaged in autonomous mode, and a test driver was present (in the driver's seating position). All three vehicles sustained damage.
Transdev Alternative Services is reporting this crash under Request No. 1 of Standing General Order 2021-01 because a vehicle involved was towed away, because of airbag deployment, and because an occupant in one of the passenger vehicles was transported for medical attention.  Transdev may supplement or correct its reporting with additional information as it may become available.  This report is a duplicate of report ID 30270-3786-1.", 
30270-3786,2,Waymo LLC,10-Day Update,,,Sep-22,SADHW2S17M1, ,N/A,Jaguar,I-Pace, ,2021, ,2e36ef5640679ec,29977, ,In-Vehicle (Commercial / Test),5th Generation ADS, , ,Yes,ADS,Waymo LLC, , ,Y, , , , , ,,Sep-22, ,Sep-22,13:13, ,5ecd17ff9881950,[MAY CONTAIN PERSONALLY IDENTIFIABLE INFORMATION], ,[MAY CONTAIN PERSONALLY IDENTIFIABLE INFORMATION], ,[MAY CONTAIN PERSONALLY IDENTIFIABLE INFORMATION], ,Phoenix, ,AZ ,[MAY CONTAIN PERSONALLY IDENTIFIABLE INFORMATION], ,Intersection,Dry,No Unusual Conditions,35, ,Daylight,Y, , , , , , , ,,Passenger Car,Unknown,Yes,Proceeding Straight,No,Unknown,Y, ,Y,Y, ,Y,Y, ,Y, , ,Stopped,No,Yes,Yes,0, , , , , , , ,Y, , , , , , ,Y, ,Y,Y, , ,Unknown,,Y,Yes,,Y,,Y,,Y,Yes, ,"Other than updating the ADS Version to the correct Waymo ADS generation, and correcting the Were All Passengers Belted? and Property Damage? fields, the content of this report is unchanged from the initial report submitted on September [XXX], 2022 [REDACTED, MAY CONTAIN CONFIDENTIAL BUSINESS INFORMATION]. 
On September [XXX], 2022 at 1:13 PM PST a Waymo Autonomous Vehicle (Waymo AV) operating in Phoenix, Arizona was in a collision involving two passenger cars on [XXX] at [XXX].
The Waymo AV was stopped in traffic at a red light facing West on Indian School Road. The passenger car immediately behind the Waymo AV slowed and came to a near stop when a second passenger car approaching from behind made contact with the rear of the first passenger car, causing that car to make contact with the rear of the Waymo AV.
At the time of the impact, the Waymo AVs Level 4 ADS was engaged in autonomous mode, and a test driver was present (in the drivers seating position). All three vehicles sustained damage.
Waymo is reporting this crash under Request No. 1 of Standing General Order 2021-01 because a vehicle involved was towed away, because of airbag deployment, and because an occupant in one of the passenger vehicles was transported for medical attention. Waymo may supplement or correct its reporting with additional information as it may become available.", 