Report ID,Report Version,Reporting Entity,Report Type,Report Month,Report Year,Report Submission Date,VIN,VIN - Unknown,Serial Number,Make,Model,Model - Unknown,Model Year,Model Year - Unknown,Same Vehicle ID,Mileage,Mileage - Unknown,Driver / Operator Type,ADAS/ADS Version,ADAS/ADS Version - Unknown,ADAS/ADS Version CBI,ADS Equipped?,Automation System Engaged?,Operating Entity,Operating Entity - Unknown,Source - Complaint/Claim,Source - Telematics,Source - Law Enforcement,Source - Field Report,Source - Testing,Source - Media,Source - Other,Source - Other Text,Incident Date,Incident Date - Unknown,Notice Received Date,Incident Time (24:00),Incident Time - Unknown,Same Incident ID,Latitude,Latitude  - Unknown,Longitude,Longitude - Unknown,Address,Address - Unknown,City,City - Unknown,State,Zip Code,Zip Code - Unknown,Roadway Type,Roadway Surface,Roadway Description,Posted Speed Limit (MPH),Posted Speed Limit - Unknown,Lighting,Weather - Clear,Weather - Snow,Weather - Cloudy,Weather - Fog/Smoke,Weather - Rain,Weather - Severe Wind,Weather - Unknown,Weather - Other,Weather - Other Text,Crash With,Highest Injury Severity,Property Damage?,CP Pre-Crash Movement,CP Any Air Bags Deployed?,CP Was Vehicle Towed?,CP Contact Area - Rear Left,CP Contact Area - Left,CP Contact Area - Front Left,CP Contact Area - Rear,CP Contact Area - Top,CP Contact Area - Front,CP Contact Area - Rear Right,CP Contact Area - Right,CP Contact Area - Front Right,CP Contact Area - Bottom,CP Contact Area - Unknown,SV Pre-Crash Movement,SV Any Air Bags Deployed?,SV Was Vehicle Towed?,SV Were All Passengers Belted?,SV Precrash Speed (MPH),SV Pre-crash Speed - Unknown,SV Contact Area - Rear Left,SV Contact Area - Left,SV Contact Area - Front Left,SV Contact Area - Rear,SV Contact Area - Top,SV Contact Area - Front,SV Contact Area - Rear Right,SV Contact Area - Right,SV Contact Area - Front Right,SV Contact Area - Bottom,SV Contact Area - Unknown,Data Availability - EDR,Data Availability - Police Rpt,Data Availability - Telematics,Data Availability - Complaints,Data Availability - Video,Data Availability - Other,Data Availability - No Data,Data Availability - Unknown,Law Enforcement Investigating?,Investigating Agency,Investigating Agency - Unknown,Rep Ent Or Mfr Investigating?,Investigating Officer Name,Inv. Officer Name - Unknown,Investigating Officer Phone,Inv. Officer Phone - Unknown,Investigating Officer Email,Inv. Officer Email - Unknown,Within ODD?,Within ODD? - CBI,Narrative,Narrative - CBI?
30270-2359,1,Waymo LLC,1-Day,,,Feb-22,1XPBD49X0ND, ,N/A,Peterbilt,579 Epiq, ,2022, ,e900e303012f4e3,42556, ,In-Vehicle (Commercial / Test),5th Generation ADS, , ,Yes,ADS,Waymo LLC, , ,Y, , , , , ,,Feb-22, ,Feb-22,10:30, ,8db2e10c839c6b3,[MAY CONTAIN PERSONALLY IDENTIFIABLE INFORMATION], ,[MAY CONTAIN PERSONALLY IDENTIFIABLE INFORMATION], ,[MAY CONTAIN PERSONALLY IDENTIFIABLE INFORMATION], ,Sacaton, ,AZ ,[MAY CONTAIN PERSONALLY IDENTIFIABLE INFORMATION], ,Highway / Freeway,Dry,No Unusual Conditions,75, ,Daylight,Y, , , , , , , ,,Heavy Truck,No Injuries Reported,Yes,Changing Lanes,Unknown,Yes, , ,Y, , ,Y, , ,Y, , ,Proceeding Straight,No,Yes,Yes,50, ,Y, , , , , , , , , , , , ,Y, ,Y,Y, , ,Yes,AZ Dept. of Public Safety, ,Yes,[MAY CONTAIN PERSONALLY IDENTIFIABLE INFORMATION], ,,Y,,Y,Yes, ,"The content of this report is unchanged from the initial report submitted on MONTH DATE, 2022 [Report ID #30270-2258-1]. 
On February [XXX], 2022 at 10:30 AM PST a Waymo Autonomous Vehicle ('Waymo AV') Peterbilt Class 8 semi-truck and trailer, operating in Gila River, AZ was in a collision involving a box truck on [XXX] south of [XXX]. 
The Waymo AV was traveling southbound on [XXX] in autonomous mode in the right lane, and a motor coach followed by a box truck were traveling in the adjacent left lane. Traffic in the left lane began to slow and the box truck steered to the right and crossed into the right lane before making contact with the passenger side rear corner of the motor coach and then making contact with the driver side rear axle of the Waymo AV trailer. At the time of the impact, the Waymo AV was in autonomous mode, and a test driver was present (in the driver's seating position). The Waymo AV trailer, motor coach, and box truck sustained damage. 
Waymo is reporting this crash under Request No. 1 of Standing General Order 2021-01 because a vehicle involved was towed away. Waymo may supplement or correct its reporting with additional information as it may become available. This report was submitted from the Pacific time zone on the required date.", 
30270-2258,1,Waymo LLC,1-Day,,,Feb-22,1XPBD49X0ND, ,N/A,Peterbilt,579 Epiq, ,2022, ,e900e303012f4e3,42556, ,In-Vehicle (Commercial / Test),5th Generation ADS, , ,Yes,ADS,Waymo LLC, , ,Y, , , , , ,,Feb-22, ,Feb-22,10:30, ,8db2e10c839c6b3,[MAY CONTAIN PERSONALLY IDENTIFIABLE INFORMATION], ,[MAY CONTAIN PERSONALLY IDENTIFIABLE INFORMATION], ,[MAY CONTAIN PERSONALLY IDENTIFIABLE INFORMATION], ,Sacaton, ,AZ ,[MAY CONTAIN PERSONALLY IDENTIFIABLE INFORMATION], ,Highway / Freeway,Dry,No Unusual Conditions,75, ,Daylight,Y, , , , , , , ,,Heavy Truck,No Injuries Reported,Yes,Changing Lanes,Unknown,Yes, , ,Y, , ,Y, , ,Y, , ,Proceeding Straight,No,Yes,Yes,50, ,Y, , , , , , , , , , , , ,Y, ,Y,Y, , ,Yes,AZ Dept. of Public Safety, ,Yes,[MAY CONTAIN PERSONALLY IDENTIFIABLE INFORMATION], ,,Y,,Y,Yes, ,"On February [XXX], 2022 at 10:30 AM PST a Waymo Autonomous Vehicle (""Waymo AV"") Peterbilt Class 8 semi-truck and trailer, operating in Sacaton, AZ was in a collision involving a box truck on [XXX] south of [XXX]. 
The Waymo AV was traveling southbound on [XXX] in autonomous mode in the right lane, and a motor coach followed by a box truck were traveling in the adjacent left lane. Traffic in the left lane began to slow and the box truck steered to the right and crossed into the right lane before making contact with the passenger side rear corner of the motor coach and then making contact with the driver side rear axle of the Waymo AV trailer. At the time of the impact, the Waymo AV was in autonomous mode, and a test driver was present (in the driver's seating position). The Waymo AV trailer, motor coach, and box truck sustained damage. 
Waymo is reporting this crash under Request No. 1 of Standing General Order 2021-01 because a vehicle involved was towed away. Waymo may supplement or correct its reporting with additional information as it may become available. This report was submitted from the Pacific time zone on the required date.", 
502-2178,2,Ford Motor Company,10-Day Update,,,Feb-22,1FMCU0DZ5LU, ,N/A,Ford,Escape, ,2020, ,1a89dae466c3bdd,1278, ,In-Vehicle (Commercial / Test),"[REDACTED, MAY CONTAIN CONFIDENTIAL BUSINESS INFORMATION]", ,Y,Yes,ADS,Argo AI, , , , ,Y,Y, , ,,Jan-22, ,Jan-22,12:22, ,0731be2bcb8ffde,[MAY CONTAIN PERSONALLY IDENTIFIABLE INFORMATION], ,[MAY CONTAIN PERSONALLY IDENTIFIABLE INFORMATION], ,[MAY CONTAIN PERSONALLY IDENTIFIABLE INFORMATION], ,Miami, ,FL ,[MAY CONTAIN PERSONALLY IDENTIFIABLE INFORMATION], ,Street,Dry,No Unusual Conditions,30, ,Daylight,Y, , , , , , , ,,SUV,Minor,Yes,Making Right Turn,No,No, , , , , ,Y, , , , , ,Making Right Turn,No,Yes,Yes,0, , , , ,Y, , , , , , , , ,Y, , ,Y,Y, , ,Yes,Miami Police Department, ,Yes,[MAY CONTAIN PERSONALLY IDENTIFIABLE INFORMATION], ,,Y,,Y,"[REDACTED, MAY CONTAIN CONFIDENTIAL BUSINESS INFORMATION]",Y,"[REDACTED, MAY CONTAIN CONFIDENTIAL BUSINESS INFORMATION]",Y
30290-2180,2,Argo AI,10-Day Update,,,Feb-22,1FMCU0DZ5LU, ,N/A,Ford,Escape, ,2020, ,1a89dae466c3bdd,1278, ,In-Vehicle (Commercial / Test),"[REDACTED, MAY CONTAIN CONFIDENTIAL BUSINESS INFORMATION]", ,Y,Yes,ADS,Argo AI, , , , ,Y,Y, , ,,Jan-22, ,Jan-22,12:22, ,0731be2bcb8ffde,[MAY CONTAIN PERSONALLY IDENTIFIABLE INFORMATION], ,[MAY CONTAIN PERSONALLY IDENTIFIABLE INFORMATION], ,[MAY CONTAIN PERSONALLY IDENTIFIABLE INFORMATION], ,Miami, ,FL ,[MAY CONTAIN PERSONALLY IDENTIFIABLE INFORMATION], ,Street,Dry,No Unusual Conditions,30, ,Daylight,Y, , , , , , , ,,SUV,Minor,Yes,Making Right Turn,No,No, , , , , ,Y, , , , , ,Making Right Turn,No,Yes,Yes,0, , , , ,Y, , , , , , , , ,Y, , ,Y,Y, , ,Yes,Miami Police Department, ,Yes,[MAY CONTAIN PERSONALLY IDENTIFIABLE INFORMATION], ,,Y,,Y,"[REDACTED, MAY CONTAIN CONFIDENTIAL BUSINESS INFORMATION]",Y,"[REDACTED, MAY CONTAIN CONFIDENTIAL BUSINESS INFORMATION]",Y
502-2178,1,Ford Motor Company,1-Day,,,Jan-22,1FMCU0DZ5LU, ,N/A,Ford,Escape, ,2020, ,1a89dae466c3bdd,1278, ,In-Vehicle (Commercial / Test),"[REDACTED, MAY CONTAIN CONFIDENTIAL BUSINESS INFORMATION]", ,Y,Yes,ADS,Argo AI, , , , ,Y,Y, , ,,Jan-22, ,Jan-22,12:22, ,0731be2bcb8ffde,[MAY CONTAIN PERSONALLY IDENTIFIABLE INFORMATION], ,[MAY CONTAIN PERSONALLY IDENTIFIABLE INFORMATION], ,[MAY CONTAIN PERSONALLY IDENTIFIABLE INFORMATION], ,Miami, ,FL ,[MAY CONTAIN PERSONALLY IDENTIFIABLE INFORMATION], ,Street,Dry,No Unusual Conditions,30, ,Daylight,Y, , , , , , , ,,SUV,Minor,Yes,Making Right Turn,No,No, , , , , ,Y, , , , , ,Making Right Turn,No,Yes,Yes,0, , , , ,Y, , , , , , , , ,Y, , ,Y,Y, , ,Yes,Miami Police Department, ,Yes,[MAY CONTAIN PERSONALLY IDENTIFIABLE INFORMATION], ,,Y,,Y,"[REDACTED, MAY CONTAIN CONFIDENTIAL BUSINESS INFORMATION]",Y,"[REDACTED, MAY CONTAIN CONFIDENTIAL BUSINESS INFORMATION]",Y
30290-2180,1,Argo AI,1-Day,,,Jan-22,1FMCU0DZ5LU, ,N/A,Ford,Escape, ,2020, ,1a89dae466c3bdd,1278, ,In-Vehicle (Commercial / Test),"[REDACTED, MAY CONTAIN CONFIDENTIAL BUSINESS INFORMATION]", ,Y,Yes,ADS,Argo AI, , , , ,Y,Y, , ,,Jan-22, ,Jan-22,12:22, ,0731be2bcb8ffde,[MAY CONTAIN PERSONALLY IDENTIFIABLE INFORMATION], ,[MAY CONTAIN PERSONALLY IDENTIFIABLE INFORMATION], ,[MAY CONTAIN PERSONALLY IDENTIFIABLE INFORMATION], ,Miami, ,FL ,[MAY CONTAIN PERSONALLY IDENTIFIABLE INFORMATION], ,Street,Dry,No Unusual Conditions,30, ,Daylight,Y, , , , , , , ,,SUV,Minor,Yes,Making Right Turn,No,No, , , , , ,Y, , , , , ,Making Right Turn,No,Yes,Yes,0, , , , ,Y, , , , , , , , ,Y, , ,Y,Y, , ,Yes,Miami Police Department, ,Yes,[MAY CONTAIN PERSONALLY IDENTIFIABLE INFORMATION], ,,Y,,Y,"[REDACTED, MAY CONTAIN CONFIDENTIAL BUSINESS INFORMATION]",Y,"[REDACTED, MAY CONTAIN CONFIDENTIAL BUSINESS INFORMATION]",Y
30610-2151,1,"Zoox, Inc.",Monthly,12,2021,Jan-22,5TDDCRFH6GS, ,N/A,Toyota,Highlander, ,2016, ,c45eb5dab0befec,79832, ,In-Vehicle (Commercial / Test),23.21.12.09, , ,Yes,ADAS,Zoox Inc., , , , , ,Y, , ,,Dec-21, ,Dec-21,22:15, ,b2e81debd54d53f,[MAY CONTAIN PERSONALLY IDENTIFIABLE INFORMATION], ,[MAY CONTAIN PERSONALLY IDENTIFIABLE INFORMATION], ,[MAY CONTAIN PERSONALLY IDENTIFIABLE INFORMATION], ,Las Vegas, ,NV ,[MAY CONTAIN PERSONALLY IDENTIFIABLE INFORMATION], ,Traffic Circle,Wet,No Unusual Conditions,,Y,Dark - Lighted, , ,Y, , , , , ,,SUV,No Injuries Reported,No,Stopped,No,No, , ,Y, , , , , , , , ,Proceeding Straight,No,No,Yes,1, , , , , , , , , ,Y, , ,Y, ,Y, ,Y, , , ,No,, ,Yes,, ,, ,, ,Yes, ,"A Zoox vehicle was traveling through a hotel loading zone, when the driver's side door of a stopped passenger vehicle in the right adjacent lane opened, and made contact with the front right sensor of the Zoox vehicle. There were no injuries and the police were not called. Autonomy was engaged in the 30 second period prior to the collision.", 
30531-1940,1,Transdev Alternative Services,Monthly,11,2021,Dec-21,2C4RC1K71HR, ,N/A,Chrysler,Pacifica, ,2017, ,6809bca2e95dc4f,20839, ,In-Vehicle (Commercial / Test),,Y, ,Yes,ADS,Waymo LLC., , , , ,Y, , , ,,Nov-21, ,Nov-21,18:47, ,4e4a38ea028e125,,Y,,Y,[MAY CONTAIN PERSONALLY IDENTIFIABLE INFORMATION], ,Chandler, ,AZ ,[MAY CONTAIN PERSONALLY IDENTIFIABLE INFORMATION], ,Intersection,Dry,No Unusual Conditions,25, ,Dark - Lighted,Y, , , , , , , ,,Passenger Car,No Injuries Reported,Yes,Making Right Turn,No,No, , , , , , , , ,Y, , ,Stopped,No,No,Yes,0, , , , ,Y, , , , , , , , , , , ,Y,Y, , ,No,, ,Yes,, ,, ,, ,Yes, ,"On November [XXX], 2021 at 6:47 PM PST a Waymo Autonomous Vehicle ('Waymo AV') operating in Chandler, AZ was in a collision involving a passenger vehicle at a shopping mall parking lot exit at [XXX]. 
The Waymo AV was attempting a right turn from the [XXX] parking lot onto southbound [XXX] Road when it began yielding for approaching traffic and came to a stop. A passenger vehicle behind the Waymo AV then struck the rear of the Waymo AV. At the time of the impact, the Waymo AV's Level 4 ADS was engaged in autonomous mode, and a test driver was present (in the driver's seating position). The Waymo AV sustained minor damage, and the passenger vehicle sustained minor damage. 
Transdev Alternative Services is reporting this crash under Request No. 2 of Standing General Order 2021-01. Transdev may supplement or correct its reporting with additional information as it may become available. This report is a duplicate to Waymo LLC report WaymoLLC-202111[XXX]-0 (rev.202112[XXX]181322).", 
30270-1923,1,Waymo LLC,Monthly,11,2021,Dec-21,2C4RC1K71HR, ,N/A,Chrysler,Pacifica, ,2017, ,6809bca2e95dc4f,20839, ,In-Vehicle (Commercial / Test),4th Generation ADS, , ,Yes,ADS,Waymo LLC, , ,Y, , , , , ,,Nov-21, ,Nov-21,18:47, ,4e4a38ea028e125,[MAY CONTAIN PERSONALLY IDENTIFIABLE INFORMATION], ,[MAY CONTAIN PERSONALLY IDENTIFIABLE INFORMATION], ,[MAY CONTAIN PERSONALLY IDENTIFIABLE INFORMATION], ,Chandler, ,AZ ,[MAY CONTAIN PERSONALLY IDENTIFIABLE INFORMATION], ,Intersection,Dry,No Unusual Conditions,25, ,Dark - Lighted,Y, , , , , , , ,,Passenger Car,No Injuries Reported,Yes,Making Right Turn,No,No, , , , , , , , ,Y, , ,Stopped,No,No,Yes,0, , , , ,Y, , , , , , , , , ,Y, ,Y,Y, , ,No,, ,Yes,, ,, ,, ,Yes, ,"On November [XXX], 2021 at 6:47 PM PST a Waymo Autonomous Vehicle ('Waymo AV') operating in Chandler, AZ was in a collision involving a passenger vehicle at a shopping mall parking lot exit at [XXX]. 
The Waymo AV was attempting a right turn from the [XXX] parking lot onto southbound Price Road when it began yielding for approaching traffic and came to a stop. A passenger vehicle behind the Waymo AV then struck the rear of the Waymo AV. At the time of the impact, the Waymo AV's Level 4 ADS was engaged in autonomous mode, and a test driver was present (in the driver's seating position). The Waymo AV sustained minor damage, and the passenger vehicle sustained minor damage. 
Waymo is reporting this crash under Request No. 2 of Standing General Order 2021-01. Waymo may supplement or correct its reporting with additional information as it may become available. This report was submitted from the Pacific time zone on the required date.", 
30531-1782,2,Transdev Alternative Services,10-Day Update,,,Dec-21,SADHW2S16M1, ,N/A,Jaguar,I-Pace, ,2021, ,cf331f383ea5d94,23878, ,In-Vehicle (Commercial / Test),,Y, ,Yes,ADS,Waymo LLC., , , , ,Y, , , ,,Nov-21, ,Nov-21,0:39, ,8f5dc21a34007ed,,Y,,Y,[MAY CONTAIN PERSONALLY IDENTIFIABLE INFORMATION], ,Phoenix, ,AZ ,[MAY CONTAIN PERSONALLY IDENTIFIABLE INFORMATION], ,Intersection,Dry,No Unusual Conditions,35, ,Daylight,Y, , , , , , , ,,Passenger Car,Unknown,Yes,Proceeding Straight,Yes,Yes, , ,Y, , ,Y, , ,Y, , ,Stopped,No,Yes,Yes,0, ,Y, , ,Y, , ,Y, , , , , , , , ,Y,Y, , ,Yes,Phoenix Police Department, ,Yes,[MAY CONTAIN PERSONALLY IDENTIFIABLE INFORMATION], ,[MAY CONTAIN PERSONALLY IDENTIFIABLE INFORMATION], ,,Y,Yes, ,"The content of this report is unchanged from the initial report submitted on November [XXX], 2021 [Report ID # 30531-1782-2]. 
On November [XXX], 2021 at 12:39 AM PST a Waymo Autonomous Vehicle ('Waymo AV') operating in Phoenix, AZ was in a collision involving a passenger vehicle at [XXX] and [XXX]. 
The Waymo AV was stopped at a right light on southbound [XXX] at [XXX] when a passenger vehicle struck the Waymo AV's rear bumper. At the time of the impact, the Waymo AV's Level 4 ADS was engaged in autonomous mode, and a test driver was present (in the driver's seating position). The Waymo AV's rear bumper and undercarriage sustained damage, and the passenger vehicle's front bumper and hood sustained damage.
Transdev Alternative Services is reporting this crash under Request No. 1 of Standing General Order 2021-01. Transdev may supplement or correct its reporting with additional information as it may become available. This report is a duplicate to Waymo's original report WaymoLLC-202111[XXX]-0 (rev.202111[XXX]125446).", 
30270-1813,1,Waymo LLC,1-Day,,,Dec-21,SADHW2S16M1, ,N/A,Jaguar,I-Pace, ,2021, ,cf331f383ea5d94,23878, ,In-Vehicle (Commercial / Test),5th Generation ADS, , ,Yes,ADS,Waymo LLC, , ,Y, , , , , ,,Nov-21, ,Nov-21,0:39, ,8f5dc21a34007ed,[MAY CONTAIN PERSONALLY IDENTIFIABLE INFORMATION], ,[MAY CONTAIN PERSONALLY IDENTIFIABLE INFORMATION], ,[MAY CONTAIN PERSONALLY IDENTIFIABLE INFORMATION], ,Phoenix, ,AZ ,[MAY CONTAIN PERSONALLY IDENTIFIABLE INFORMATION], ,Intersection,Dry,No Unusual Conditions,35, ,Dark - Lighted,Y, , , , , , , ,,Passenger Car,Unknown,Yes,Proceeding Straight,Yes,Yes, , ,Y, , ,Y, , ,Y, , ,Stopped,No,Yes,Yes,0, ,Y, , ,Y, , ,Y, , , , , , ,Y, ,Y,Y, , ,Yes,Phoenix Police Department, ,Yes,[MAY CONTAIN PERSONALLY IDENTIFIABLE INFORMATION], ,[MAY CONTAIN PERSONALLY IDENTIFIABLE INFORMATION], ,,Y,Yes, ,"The content of this report is unchanged from the initial report submitted on November [XXX], 2021 [Report ID # 30270-1778-1]. 
On November [XXX], 2021 at 12:39 AM PST a Waymo Autonomous Vehicle ('Waymo AV') operating in Phoenix, AZ was in a collision involving a passenger vehicle at [XXX] and [XXX]. 
The Waymo AV was stopped at a red light on southbound [XXX] at [XXX] when a passenger vehicle struck the Waymo AV's rear bumper. At the time of the impact, the Waymo AV's Level 4 ADS was engaged in autonomous mode, and a test driver was present (in the driver's seating position). The Waymo AV's rear bumper and undercarriage sustained damage, and the passenger vehicle's front bumper and hood sustained damage.
Waymo is reporting this crash under Request No. 1 of Standing General Order 2021-01. Waymo may supplement or correct its reporting with additional information as it may become available. This report was submitted from the Pacific time zone on the required date.", 
30531-1782,1,Transdev Alternative Services,1-Day,,,Nov-21,SADHW2S16M1, ,N/A,Jaguar,I-Pace, ,2021, ,cf331f383ea5d94,23878, ,In-Vehicle (Commercial / Test),,Y, ,Yes,ADS,Waymo LLC., , , , ,Y, , , ,,Nov-21, ,Nov-21,0:39, ,8f5dc21a34007ed,,Y,,Y,[MAY CONTAIN PERSONALLY IDENTIFIABLE INFORMATION], ,Phoenix, ,AZ ,[MAY CONTAIN PERSONALLY IDENTIFIABLE INFORMATION], ,Intersection,Dry,No Unusual Conditions,35, ,Daylight,Y, , , , , , , ,,Passenger Car,Unknown,Yes,Proceeding Straight,Yes,Yes, , ,Y, , ,Y, , ,Y, , ,Stopped,No,Yes,Yes,0, ,Y, , ,Y, , ,Y, , , , , , , , ,Y,Y, , ,Yes,Phoenix Police Department, ,Yes,[MAY CONTAIN PERSONALLY IDENTIFIABLE INFORMATION], ,[MAY CONTAIN PERSONALLY IDENTIFIABLE INFORMATION], ,,Y,Yes, ,"On November [XXX], 2021 at 12:39 AM PST a Waymo Autonomous Vehicle ('Waymo AV') operating in Phoenix, AZ was in a collision involving a passenger vehicle at [XXX] and [XXX]. 
The Waymo AV was stopped at a right light on southbound [XXX] at [XXX] when a passenger vehicle struck the Waymo AV's rear bumper. At the time of the impact, the Waymo AV's Level 4 ADS was engaged in autonomous mode, and a test driver was present (in the driver's seating position). The Waymo AV's rear bumper and undercarriage sustained damage, and the passenger vehicle's front bumper and hood sustained damage.
Transdev Alternative Services is reporting this crash under Request No. 1 of Standing General Order 2021-01. Transdev may supplement or correct its reporting with additional information as it may become available. This report is a duplicate to Waymo's original report WaymoLLC-202111[XXX]-0 (rev.20211[XXX]4125446).", 
30270-1778,1,Waymo LLC,1-Day,,,Nov-21,SADHW2S16M1, ,N/A,Jaguar,I-Pace, ,2021, ,cf331f383ea5d94,23878, ,In-Vehicle (Commercial / Test),5th Generation ADS, , ,Yes,ADS,Waymo LLC, , ,Y, , , , , ,,Nov-21, ,Nov-21,0:39, ,8f5dc21a34007ed,[MAY CONTAIN PERSONALLY IDENTIFIABLE INFORMATION], ,[MAY CONTAIN PERSONALLY IDENTIFIABLE INFORMATION], ,[MAY CONTAIN PERSONALLY IDENTIFIABLE INFORMATION], ,Phoenix, ,AZ ,[MAY CONTAIN PERSONALLY IDENTIFIABLE INFORMATION], ,Intersection,Dry,No Unusual Conditions,35, ,Dark - Lighted,Y, , , , , , , ,,Passenger Car,Unknown,Yes,Proceeding Straight,Yes,Yes, , ,Y, , ,Y, , ,Y, , ,Stopped,No,Yes,Yes,0, ,Y, , ,Y, , ,Y, , , , , , ,Y, ,Y,Y, , ,Yes,Phoenix Police Department, ,Yes,[MAY CONTAIN PERSONALLY IDENTIFIABLE INFORMATION], ,[MAY CONTAIN PERSONALLY IDENTIFIABLE INFORMATION], ,,Y,Yes, ,"On November [XXX], 2021 at 12:39 AM PST a Waymo Autonomous Vehicle ('Waymo AV') operating in Phoenix, AZ was in a collision involving a passenger vehicle at [XXX] and [XXX]. 
The Waymo AV was stopped at a red light on southbound [XXX] at [XXX] when a passenger vehicle struck the Waymo AV's rear bumper. At the time of the impact, the Waymo AV's Level 4 ADS was engaged in autonomous mode, and a test driver was present (in the driver's seating position). The Waymo AV's rear bumper and undercarriage sustained damage, and the passenger vehicle's front bumper and hood sustained damage.
Waymo is reporting this crash under Request No. 1 of Standing General Order 2021-01. Waymo may supplement or correct its reporting with additional information as it may become available. This report was submitted from the Pacific time zone on the required date.", 
30270-1730,1,Waymo LLC,Monthly,10,2021,Nov-21,2C4RC1K73HR, ,N/A,Chrysler,Pacifica, ,2017, ,6d49baca1da8d0f,20619, ,None,4th Generation ADS, , ,Yes,ADS,Waymo LLC, , ,Y, , , , , ,,Oct-21, ,Oct-21,13:48, ,f9d5189db0a4978,[MAY CONTAIN PERSONALLY IDENTIFIABLE INFORMATION], ,[MAY CONTAIN PERSONALLY IDENTIFIABLE INFORMATION], ,[MAY CONTAIN PERSONALLY IDENTIFIABLE INFORMATION], ,Mesa, ,AZ ,[MAY CONTAIN PERSONALLY IDENTIFIABLE INFORMATION], ,Street,Dry,No Unusual Conditions,25, ,Daylight,Y, , , , , , , ,,SUV,No Injuries Reported,Yes,Backing,No,No, , , , , , , , , , ,Y,Parked,No,No,No Passengers in Vehicle,0, , , , ,Y, , ,Y, , , , , , ,Y, ,Y,Y, , ,No,, ,Yes,, ,, ,, ,Yes, ,"On October [XXX], 2021 at 1:48 PM PDT a Waymo Autonomous Vehicle (""Waymo AV"") operating in Mesa, AZ was in a collision involving an SUV on the 700 block of [XXX]. 
The Waymo AV was stopped in front of a residential home when an SUV began to reverse out of the home's driveway. While reversing, the SUV's rear bumper made contact with the Waymo AV's trunk. The Waymo AV sustained minor damage to its trunk. At the time of the impact, the Waymo's Level 4 ADS was engaged in autonomous mode.
Waymo is reporting this crash under Request No. 2 of Standing General Order 2021-01. Waymo may supplement or correct its reporting with additional information as it may become available. This report was submitted from the Pacific time zone on the required date.", 
30414-1719,1,Easymile Inc.,Monthly,10,2021,Nov-21,VJRD1A10224, ,N/A,EZ10,GEN2, ,2018, ,4e9cb8fb52e18e3,2841, ,In-Vehicle (Commercial / Test),"[REDACTED, MAY CONTAIN CONFIDENTIAL BUSINESS INFORMATION]", ,Y,Yes,ADS,Colorado School of Mines, , , , ,Y, , , ,,Oct-21, ,Oct-21,8:23, ,d13b625868eb7b9,[MAY CONTAIN PERSONALLY IDENTIFIABLE INFORMATION], ,[MAY CONTAIN PERSONALLY IDENTIFIABLE INFORMATION], ,[MAY CONTAIN PERSONALLY IDENTIFIABLE INFORMATION], ,Golden, ,CO ,[MAY CONTAIN PERSONALLY IDENTIFIABLE INFORMATION], ,Street,Dry,No Unusual Conditions,25, ,Daylight,Y, , , , , , , ,,Passenger Car,No Injuries Reported,No,Proceeding Straight,No,No, , ,Y, , ,Y, , ,Y, , ,Stopped,Not Applicable,Yes,"No, see Narrative",0, ,Y, , ,Y, , ,Y, , , , , ,Y,Y, ,Y, , , ,Yes,City of Golden Police, ,Yes,[MAY CONTAIN PERSONALLY IDENTIFIABLE INFORMATION], ,[MAY CONTAIN PERSONALLY IDENTIFIABLE INFORMATION], ,[MAY CONTAIN PERSONALLY IDENTIFIABLE INFORMATION], ,"[REDACTED, MAY CONTAIN CONFIDENTIAL BUSINESS INFORMATION]",Y,"[REDACTED, MAY CONTAIN CONFIDENTIAL BUSINESS INFORMATION]",Y
30414-1718,1,Easymile Inc.,Monthly,10,2021,Nov-21,VJRD1A10224, ,N/A,EZ10,GEN2, ,2018, ,55e7d3bb07f1df3,1894, ,In-Vehicle (Commercial / Test),"[REDACTED, MAY CONTAIN CONFIDENTIAL BUSINESS INFORMATION]", ,Y,Yes,ADS,Colorado School of Mines, , , , ,Y, , , ,,Oct-21, ,Oct-21,15:15, ,73fa3c3b60dbdec,[MAY CONTAIN PERSONALLY IDENTIFIABLE INFORMATION], ,[MAY CONTAIN PERSONALLY IDENTIFIABLE INFORMATION], ,[MAY CONTAIN PERSONALLY IDENTIFIABLE INFORMATION], ,Golden, ,CO ,[MAY CONTAIN PERSONALLY IDENTIFIABLE INFORMATION], ,Street,Dry,No Unusual Conditions,9, ,Daylight,Y, , , , , , , ,,Non-Motorist: Cyclist,No Injuries Reported,No,Proceeding Straight,,, , , , , , , , , , , ,Stopped,No,No,No Passengers in Vehicle,7, , , , , , , , , , , ,Y, , , , ,Y, , , ,No,, ,Yes,, ,, ,, ,"[REDACTED, MAY CONTAIN CONFIDENTIAL BUSINESS INFORMATION]",Y,"[REDACTED, MAY CONTAIN CONFIDENTIAL BUSINESS INFORMATION]",Y
502-1697,1,Ford Motor Company,Monthly - No Incidents,11,2021,Nov-21,, ,,,, ,, , ,, ,,, , ,,,, , , , , , , , ,,, ,,, , ,, ,, ,, ,, ,,, ,,,,, ,, , , , , , , , ,,,,,,,, , , , , , , , , , , ,,,,,, , , , , , , , , , , , , , , , , , ,, ,,, ,,, ,, ,, ,, ,"As reported by Argo AI to Ford on November [XXX], 2021, an Argo AI Autonomous Vehicle (""Argo AV"") was involved in a rear-end collision on [XXX]. The Argo AV came to a complete stop at the stop sign located at the intersection of [XXX] and [XXX]. After the Argo AV began to initiate a right-hand turn, the Argo AV came to a stop in response to oncoming traffic. A vehicle trailing behind the Argo AV moved forward and contacted the Argo AV's left rear bumper. The Argo AV sustained minor damage to its left rear bumper.", 
30414-1540,2,Easymile Inc.,10-Day Update,,,Nov-21,VJRD1A10224, ,N/A,EZ10,GEN2, ,2018, ,55e7d3bb07f1df3,1894, ,In-Vehicle (Commercial / Test),"[REDACTED, MAY CONTAIN CONFIDENTIAL BUSINESS INFORMATION]", ,Y,Yes,ADS,Colorado School of Mines, , , , ,Y, , , ,,Oct-21, ,Oct-21,15:15, ,73fa3c3b60dbdec,[MAY CONTAIN PERSONALLY IDENTIFIABLE INFORMATION], ,[MAY CONTAIN PERSONALLY IDENTIFIABLE INFORMATION], ,[MAY CONTAIN PERSONALLY IDENTIFIABLE INFORMATION], ,Golden, ,CO ,[MAY CONTAIN PERSONALLY IDENTIFIABLE INFORMATION], ,Street,Dry,No Unusual Conditions,9, ,Daylight,Y, , , , , , , ,,Non-Motorist: Cyclist,No Injuries Reported,No,Proceeding Straight,,, , , , , , , , , , , ,Stopped,No,No,No Passengers in Vehicle,7, , , , , , , , , , , ,Y, , , , ,Y, , , ,No,, ,Yes,, ,, ,, ,"[REDACTED, MAY CONTAIN CONFIDENTIAL BUSINESS INFORMATION]",Y,"[REDACTED, MAY CONTAIN CONFIDENTIAL BUSINESS INFORMATION]",Y
30414-1391,2,Easymile Inc.,10-Day Update,,,Nov-21,VJRD1A10224, ,N/A,EZ10,GEN2, ,2018, ,4e9cb8fb52e18e3,2841, ,In-Vehicle (Commercial / Test),"[REDACTED, MAY CONTAIN CONFIDENTIAL BUSINESS INFORMATION]", ,Y,Yes,ADS,Colorado School of Mines, , , , ,Y, , , ,,Oct-21, ,Oct-21,8:23, ,d13b625868eb7b9,[MAY CONTAIN PERSONALLY IDENTIFIABLE INFORMATION], ,[MAY CONTAIN PERSONALLY IDENTIFIABLE INFORMATION], ,[MAY CONTAIN PERSONALLY IDENTIFIABLE INFORMATION], ,Golden, ,CO ,[MAY CONTAIN PERSONALLY IDENTIFIABLE INFORMATION], ,Street,Dry,No Unusual Conditions,0, ,Daylight,Y, , , , , , , ,,Passenger Car,No Injuries Reported,No,Proceeding Straight,No,No, , ,Y, , ,Y, , ,Y, , ,Stopped,Not Applicable,Yes,"No, see Narrative",0, ,Y, , ,Y, , ,Y, , , , , ,Y,Y, ,Y, , , ,Yes,City of Golden Police, ,Yes,[MAY CONTAIN PERSONALLY IDENTIFIABLE INFORMATION], ,[MAY CONTAIN PERSONALLY IDENTIFIABLE INFORMATION], ,[MAY CONTAIN PERSONALLY IDENTIFIABLE INFORMATION], ,"[REDACTED, MAY CONTAIN CONFIDENTIAL BUSINESS INFORMATION]",Y,"[REDACTED, MAY CONTAIN CONFIDENTIAL BUSINESS INFORMATION]",Y