Report ID,Report Version,Reporting Entity,Report Type,Report Month,Report Year,Report Submission Date,VIN,VIN - Unknown,Serial Number,Make,Model,Model - Unknown,Model Year,Model Year - Unknown,Same Vehicle ID,Mileage,Mileage - Unknown,Driver / Operator Type,ADAS/ADS Version,ADAS/ADS Version - Unknown,ADAS/ADS Version CBI,ADS Equipped?,Automation System Engaged?,Operating Entity,Operating Entity - Unknown,Source - Complaint/Claim,Source - Telematics,Source - Law Enforcement,Source - Field Report,Source - Testing,Source - Media,Source - Other,Source - Other Text,Incident Date,Incident Date - Unknown,Notice Received Date,Incident Time (24:00),Incident Time - Unknown,Same Incident ID,Latitude,Latitude  - Unknown,Longitude,Longitude - Unknown,Address,Address - Unknown,City,City - Unknown,State,Zip Code,Zip Code - Unknown,Roadway Type,Roadway Surface,Roadway Description,Posted Speed Limit (MPH),Posted Speed Limit - Unknown,Lighting,Weather - Clear,Weather - Snow,Weather - Cloudy,Weather - Fog/Smoke,Weather - Rain,Weather - Severe Wind,Weather - Unknown,Weather - Other,Weather - Other Text,Crash With,Highest Injury Severity,Property Damage?,CP Pre-Crash Movement,CP Any Air Bags Deployed?,CP Was Vehicle Towed?,CP Contact Area - Rear Left,CP Contact Area - Left,CP Contact Area - Front Left,CP Contact Area - Rear,CP Contact Area - Top,CP Contact Area - Front,CP Contact Area - Rear Right,CP Contact Area - Right,CP Contact Area - Front Right,CP Contact Area - Bottom,CP Contact Area - Unknown,SV Pre-Crash Movement,SV Any Air Bags Deployed?,SV Was Vehicle Towed?,SV Were All Passengers Belted?,SV Precrash Speed (MPH),SV Pre-crash Speed - Unknown,SV Contact Area - Rear Left,SV Contact Area - Left,SV Contact Area - Front Left,SV Contact Area - Rear,SV Contact Area - Top,SV Contact Area - Front,SV Contact Area - Rear Right,SV Contact Area - Right,SV Contact Area - Front Right,SV Contact Area - Bottom,SV Contact Area - Unknown,Data Availability - EDR,Data Availability - Police Rpt,Data Availability - Telematics,Data Availability - Complaints,Data Availability - Video,Data Availability - Other,Data Availability - No Data,Data Availability - Unknown,Law Enforcement Investigating?,Investigating Agency,Investigating Agency - Unknown,Rep Ent Or Mfr Investigating?,Investigating Officer Name,Inv. Officer Name - Unknown,Investigating Officer Phone,Inv. Officer Phone - Unknown,Investigating Officer Email,Inv. Officer Email - Unknown,Within ODD?,Within ODD? - CBI,Narrative,Narrative - CBI?
30270-1583,1,Waymo LLC,1-Day,,,Nov-21,2C4RC1K70HR, ,N/A,Chrysler,Pacifica, ,2017, ,142fc9bec7dfe3e,18698, ,None,4th Generation ADS, , ,Yes,ADS,Waymo LLC, , ,Y, , , , , ,,Oct-21, ,Oct-21,14:44, ,6f2cffa37c36b66,[MAY CONTAIN PERSONALLY IDENTIFIABLE INFORMATION], ,[MAY CONTAIN PERSONALLY IDENTIFIABLE INFORMATION], ,[MAY CONTAIN PERSONALLY IDENTIFIABLE INFORMATION], ,Chandler, ,AZ ,[MAY CONTAIN PERSONALLY IDENTIFIABLE INFORMATION], ,Intersection,Dry,No Unusual Conditions,45, ,Daylight,Y, , , , , , , ,,Passenger Car,No Injuries Reported,Yes,Changing Lanes,No,Unknown,Y, , ,Y, , ,Y, , , , ,Proceeding Straight,No,Yes,No Passengers in Vehicle,21, , , ,Y, , ,Y, , , , , , , ,Y, ,Y,Y, , ,No,, ,Yes,, ,, ,, ,Yes, ,"Other than the addition of the zip code in which the incident occurred, the content of this report is unchanged from the initial report submitted on October [XXX], 2021 [Report ID # 30270-1535-1]. 
On October [XXX], 2021 at 2:44 PM PDT a Waymo Autonomous Vehicle (""Waymo AV"") operating in Chandler, AZ was in a collision involving a passenger car at [XXX] and [XXX].
The Waymo AV was traveling eastbound on [XXX] when it approached [XXX]. As the traffic signal turned yellow, a passenger vehicle in the left adjacent lane changed lanes to the right in front of the Waymo AV and immediately braked. The Waymo AV exerted maximum brake force to avoid contact, but  was unable to stop before making contact with the rear of the passenger vehicle, which had entered the intersection and was still braking. At the time of contact, the Waymo AV was traveling at approximately 21 mph and the passenger vehicle was traveling at approximately 10 mph. The Waymo AV sustained minor damage to its front bumper, and the passenger vehicle sustained moderate damage to its rear bumper. At the time of the impact, the Waymo AV's Level 4 ADS was engaged in autonomous mode.
Waymo is reporting this crash under Request No. 1 of Standing General Order 2021-01 because a vehicle involved was towed away. Waymo may supplement or correct its reporting with additional information as it may become available. This report was submitted from the Pacific time zone on the required date.x", 
30414-1540,1,Easymile Inc.,1-Day,,,Oct-21,VJRD1A10224, ,N/A,EZ10,GEN2, ,2018, ,55e7d3bb07f1df3,1894, ,In-Vehicle (Commercial / Test),"[REDACTED, MAY CONTAIN CONFIDENTIAL BUSINESS INFORMATION]", ,Y,Yes,ADS,Colorado School of Mines, , , , ,Y, , , ,,Oct-21, ,Oct-21,15:15, ,73fa3c3b60dbdec,[MAY CONTAIN PERSONALLY IDENTIFIABLE INFORMATION], ,[MAY CONTAIN PERSONALLY IDENTIFIABLE INFORMATION], ,[MAY CONTAIN PERSONALLY IDENTIFIABLE INFORMATION], ,Golden, ,CO ,[MAY CONTAIN PERSONALLY IDENTIFIABLE INFORMATION], ,Street,Dry,No Unusual Conditions,9, ,Daylight,Y, , , , , , , ,,Non-Motorist: Cyclist,No Injuries Reported,No,Proceeding Straight,,, , , , , , , , , , , ,Stopped,No,No,No Passengers in Vehicle,7, , , , , , , , , , , ,Y, ,Y, , , , , , ,No,, ,Yes,, ,, ,, ,"[REDACTED, MAY CONTAIN CONFIDENTIAL BUSINESS INFORMATION]",Y,"[REDACTED, MAY CONTAIN CONFIDENTIAL BUSINESS INFORMATION]",Y
30270-1535,1,Waymo LLC,1-Day,,,Oct-21,2C4RC1K70HR, ,N/A,Chrysler,Pacifica, ,2017, ,142fc9bec7dfe3e,18698, ,None,4th Generation ADS, , ,Yes,ADS,Waymo LLC, , ,Y, , , , , ,,Oct-21, ,Oct-21,14:44, ,6f2cffa37c36b66,[MAY CONTAIN PERSONALLY IDENTIFIABLE INFORMATION], ,[MAY CONTAIN PERSONALLY IDENTIFIABLE INFORMATION], ,[MAY CONTAIN PERSONALLY IDENTIFIABLE INFORMATION], ,Chandler, ,AZ ,,Y,Intersection,Dry,No Unusual Conditions,45, ,Daylight,Y, , , , , , , ,,Passenger Car,No Injuries Reported,Yes,Changing Lanes,No,Unknown,Y, , ,Y, , ,Y, , , , ,Proceeding Straight,No,Yes,No Passengers in Vehicle,21, , , ,Y, , ,Y, , , , , , , ,Y, ,Y,Y, , ,No,, ,Yes,, ,, ,, ,Yes, ,"On October [XXX], 2021 at 2:44 PM PDT a Waymo Autonomous Vehicle ('Waymo AV') operating in Chandler, AZ was in a collision involving a passenger car at [XXX] and [XXX].
The Waymo AV was traveling eastbound on [XXX] when it approached [XXX]. As the traffic signal turned yellow, a passenger vehicle in the left adjacent lane changed lanes to the right in front of the Waymo AV and immediately braked. The Waymo AV exerted maximum brake force to avoid contact, but was unable to stop before making contact with the rear of the passenger vehicle, which had entered the intersection and was still braking. At the time of contact, the Waymo AV was traveling at approximately 21 mph and the passenger vehicle was traveling at approximately 10 mph. The Waymo AV sustained minor damage to its front bumper, and the passenger vehicle sustained moderate damage to its rear bumper. At the time of the impact, the Waymo AV's Level 4 ADS was engaged in autonomous mode.
Waymo is reporting this crash under Request No. 1 of Standing General Order 2021-01 because a vehicle involved was towed away. Waymo may supplement or correct its reporting with additional information as it may become available. This report was submitted from the Pacific time zone on the required date.", 
30531-1506,1,Transdev Alternative Services,Monthly,9,2021,Oct-21,2C4RC1K70HR, ,N/A,Chrysler,Pacifica, ,2017, ,142fc9bec7dfe3e,1702, ,In-Vehicle (Commercial / Test),,Y, ,Yes,ADS,Waymo LLC., , , , ,Y, , , ,,Sep-21, ,Sep-21,1:58, ,8f3b21803d476fa,,Y,,Y,[MAY CONTAIN PERSONALLY IDENTIFIABLE INFORMATION], ,Tempe, ,AZ ,[MAY CONTAIN PERSONALLY IDENTIFIABLE INFORMATION], ,Parking Lot,Dry,No Unusual Conditions,15, ,Dark - Lighted,Y, , , , , , , ,,Passenger Car,No Injuries Reported,Yes,Backing,No,No, , , , , , , , , , ,Y,Stopped,No,No,Yes,0, , ,Y, , , , , , , , , , , , , ,Y,Y, , ,No,, ,Yes,, ,, ,, ,Yes, ,"On September [XXX], 2021 at 1:58 AM PDT a Waymo Autonomous Vehicle (""Waymo AV"") operating in Tempe, AZ was in a collision involving a passenger car in a parking lot at [XXX]. 
The Waymo AV was stationary in a parking lot aisle, waiting to pick up passengers. A passenger vehicle on the left of the Waymo AV reversed out of a parking spot and the rear bumper on the driver's side of that vehicle made contact with the Waymo AV's driver's side rear passenger door. The Waymo AV was operating without a human driver, and the Waymo AV's Level 4 ADS was engaged in autonomous mode. The Waymo AV sustained minor damage to its driver's side rear passenger door and the passenger vehicle left the scene before exchanging information.
Transdev Alternative Services is reporting this duplicate crash report under Request No. 2 of Standing General Order 2021-01. Transdev will supplement or correct its reporting with additional information as it may become available.", 
30531-1200,3,Transdev Alternative Services,Monthly Update,9,2021,Oct-21,2C4RC1K78HR, ,N/A,Chrysler,Pacifica, ,2017, ,885ecf217c72a7b,120658, ,In-Vehicle (Commercial / Test),,Y, ,Yes,ADS,"Waymo, LLC.", , ,Y, ,Y, , , ,,Sep-21, ,Sep-21,13:54, ,857232881f1c3c0,,Y,,Y,[MAY CONTAIN PERSONALLY IDENTIFIABLE INFORMATION], ,Tempe, ,AZ ,,Y,Street,Dry,No Unusual Conditions,45, ,Daylight,Y, , , , , , , ,,Pickup Truck,No Injuries Reported,Yes,Making Left Turn,Unknown,Unknown, ,Y, , , , , , , , , ,Stopped,No,Yes,Yes,0, ,Y, , , , , , , , , , , , ,Y, ,Y, , , ,No,, ,Yes,, ,, ,, ,Yes, ,"On September [XXX], 2021 at 1:54 PM PDT, a Wyamo autonomous vehicles (""Waymo AV"") operating in Tempe, AZ was in a collision involving a pickup truck on [XXX] Dr. at [XXX]. While in autonomous mode, the Waymo AV began to enter the right lane of a protected double left turn (lane 2) from northbound S. [XXX] to westbound [XXX]. A pickup truck heading southbound on [XXX] had completely crossed the solid double yellow lines of the northbound double left turn lanes and positioned itself in the left lane of the double turn lane (""lane 1) facing the wrong direction against traffic and was preparing to make a left turn across lane 2 and the other northbound lanes into the a shopping center parking lot on the east side of [XXX]. 
The Waymo AV was traveling in the left lane when the pickup truck began to initiate its left turn from lane 1. The Waymo AV braked and the trained human driver in the Waymo AV (in the drivers seating position) transitioned the vehicle from autonomous mode to manual mode. As the pickup truck made the left turn, the drivers side panels of the pickup truck made contact with the drivers side corner of the Waymo AV, causing moderate damage to the Waymo AV. Damage to the pickup truck is currently unknown. At the time of contact the Waymo AV was in manual mode. 
Transdev Alternative Services is reporting this crash under Request No. 1 of Standing General Order 2021-01 because the Waymo AV was towed away from the scene. Transdev may supplement or update it's reporting with additional information as it may become available. Note: This report is a duplicate to Waymo LLC report (WaymoLLC-202109[XXX]-0 (rev.202109[XXX]174039).
No monthly update to narrative.", 
30270-1501,1,Waymo LLC,Monthly,9,2021,Oct-21,2C4RC1K70HR, ,N/A,Chrysler,Pacifica, ,2017, ,142fc9bec7dfe3e,17012, ,None,4th Generation ADS, , ,Yes,ADS,Waymo LLC, , ,Y, , , , , ,,Sep-21, ,Sep-21,1:58, ,8f3b21803d476fa,[MAY CONTAIN PERSONALLY IDENTIFIABLE INFORMATION], ,[MAY CONTAIN PERSONALLY IDENTIFIABLE INFORMATION], ,[MAY CONTAIN PERSONALLY IDENTIFIABLE INFORMATION], ,Tempe, ,AZ ,[MAY CONTAIN PERSONALLY IDENTIFIABLE INFORMATION], ,Parking Lot,Dry,No Unusual Conditions,15, ,Dark - Lighted,Y, , , , , , , ,,Passenger Car,No Injuries Reported,Yes,Backing,No,No, , , , , , , , , , ,Y,Stopped,No,No,No Passengers in Vehicle,0, , ,Y, , , , , , , , , , , ,Y, ,Y,Y, , ,No,, ,Yes,, ,, ,, ,Yes, ,"On September [XXX], 2021 at 1:58 AM PDT a Waymo Autonomous Vehicle ('Waymo AV') operating in Tempe, AZ was in a collision involving a passenger car in a parking lot at [XXX]. 
The Waymo AV was stationary in a parking lot aisle, waiting to pick up passengers. A passenger vehicle on the left of the Waymo AV reversed out of a parking spot and the rear bumper on the driver's side of that vehicle made contact with the Waymo AV's driver's side rear passenger door. The Waymo AV was operating without a human driver, and the Waymo AV's Level 4 ADS was engaged in autonomous mode. The Waymo AV sustained minor damage to its driver's side rear passenger door and the passenger vehicle left the scene before exchanging information.
Waymo is reporting this crash under Request No. 2 of Standing General Order 2021-01. Waymo will supplement or correct its reporting with additional information as it may become available. This report was submitted from the Pacific time zone on the required date.", 
30414-1391,1,Easymile Inc.,1-Day,,,Oct-21,VJRD1A10224, ,N/A,EZ10,GEN2, ,2018, ,4e9cb8fb52e18e3,2841, ,In-Vehicle (Commercial / Test),"[REDACTED, MAY CONTAIN CONFIDENTIAL BUSINESS INFORMATION]", ,Y,Yes,ADS,Colorado School of Mines, , , , ,Y, , , ,,Oct-21, ,Oct-21,8:23, ,d13b625868eb7b9,[MAY CONTAIN PERSONALLY IDENTIFIABLE INFORMATION], ,[MAY CONTAIN PERSONALLY IDENTIFIABLE INFORMATION], ,[MAY CONTAIN PERSONALLY IDENTIFIABLE INFORMATION], ,Golden, ,CO ,[MAY CONTAIN PERSONALLY IDENTIFIABLE INFORMATION], ,Street,Dry,No Unusual Conditions,25, ,Daylight,Y, , , , , , , ,,Passenger Car,No Injuries Reported,No,Proceeding Straight,No,No, , ,Y, , ,Y, , ,Y, , ,Stopped,Not Applicable,Yes,"No, see Narrative",0, ,Y, , ,Y, , ,Y, , , , , ,Y,Y, ,Y, , , ,Yes,City of Golden Police, ,Yes,[MAY CONTAIN PERSONALLY IDENTIFIABLE INFORMATION], ,[MAY CONTAIN PERSONALLY IDENTIFIABLE INFORMATION], ,[MAY CONTAIN PERSONALLY IDENTIFIABLE INFORMATION], ,"[REDACTED, MAY CONTAIN CONFIDENTIAL BUSINESS INFORMATION]",Y,"[REDACTED, MAY CONTAIN CONFIDENTIAL BUSINESS INFORMATION]",Y
30415-1317,1,NAVYA Inc.,1-Day,,,Sep-21,,Y,,NAVYA,Arma , ,2016, , ,,Y,Consumer,4.11.3, , ,Yes,ADS,, , , , ,Y, , , ,,Sep-21, ,Sep-21,16:43, , ,,Y,,Y,[MAY CONTAIN PERSONALLY IDENTIFIABLE INFORMATION], ,Orlando, ,FL ,[MAY CONTAIN PERSONALLY IDENTIFIABLE INFORMATION], ,Street,Dry,No Unusual Conditions,,Y,Daylight,Y, , , , , , , ,,"Other, see Narrative",No Injuries Reported,No,Stopped,No,Not Applicable, , , , , , , , , , ,Y,Proceeding Straight,No,No,No Passengers in Vehicle,,Y, , , , , , , , , ,Y, , , , , , , ,Y, ,No,, ,Yes,, ,, ,, ,Yes, ,"Shuttle P115 (Vin#VG9A2CB2CIV[XXX]) Shuttle was operating autonomously on route when it approached a pallet in the roadway. The shuttle made contact with the pallet prior to the attendant stopping the shuttle.According to Beep, the pallet height was just below that of the bottom most front LiDAR sensor.no severe damage, only light scratches on the underside of the shuttle grill.Beep was not able to provide any additional information, they did not take any photos of the pallet or UI events interface at the time of the incident.                                                                                                                                                                                                      ", 
30490-1314,1,"Beep, Inc.",Monthly,9,2021,Sep-21,1L9L0CAL6JA, ,N/A,Local Motors,Olli 1.0, ,2019, ,89f8993ae749784,0, ,In-Vehicle (Commercial / Test),Olli 1.0, , ,Yes,ADS,"Beep, Inc.", , , , , , , ,Y,Command Center,Aug-21, ,Aug-21,17:00, ,baeffc44f80381e,[MAY CONTAIN PERSONALLY IDENTIFIABLE INFORMATION], ,[MAY CONTAIN PERSONALLY IDENTIFIABLE INFORMATION], ,[MAY CONTAIN PERSONALLY IDENTIFIABLE INFORMATION], ,Mammoth, ,WY ,[MAY CONTAIN PERSONALLY IDENTIFIABLE INFORMATION], ,Parking Lot,Dry,No Unusual Conditions,15, ,Daylight,Y, , , , , , , ,,Passenger Car,No Injuries Reported,Yes,Backing,No,No, , , , , , ,Y, , , , ,Proceeding Straight,No,No,No Passengers in Vehicle,7, , , , , , , , , ,Y, , , , ,Y, ,Y,Y, , ,Yes,National Park Service, ,Yes,[MAY CONTAIN PERSONALLY IDENTIFIABLE INFORMATION], ,[MAY CONTAIN PERSONALLY IDENTIFIABLE INFORMATION], ,[MAY CONTAIN PERSONALLY IDENTIFIABLE INFORMATION], ,"No, see Narrative", ,"A Local Motors electric Olli shuttle (V1.0), VIN equipped with the Robotic Research autonomy kit (enabling autonomous steering, acceleration, deceleration, and braking (AutoDrive)), was proceeding forward in autonomous mode through a parking lot in Yellowstone National Park. A parked passenger vehicle began reversing into the path of the Olli without signaling or yielding the right of way to oncoming shuttle. The autonomy system detected the encroaching vehicle and commanded a braking event, which began deceleration of the Olli.  Though the Olli was nearly stopped by the time the of the accident, a collision still occurred, causing damage to the right rear of the passenger vehicle.  For reference this incident is under review with the Box-7 Team at NHTSA.", 
30830-1297,1,Local Motors Industries,Monthly,9,2021,Sep-21,1L9L0CAL6JA, ,[MAY CONTAIN PERSONALLY IDENTIFIABLE INFORMATION],OLLI,1, ,2019, ,89f8993ae749784,,Y,In-Vehicle (Commercial / Test),Robotic Research Autodrive, , ,Yes,ADS,BEEP, , , , , ,Y, ,Y,Testing under Box-7,Aug-21, ,Aug-21,,Y,baeffc44f80381e,,Y,,Y,[MAY CONTAIN PERSONALLY IDENTIFIABLE INFORMATION], ,,Y,WY ,,Y,Parking Lot,Dry,No Unusual Conditions,,Y,Daylight,Y, , , , , , , ,,Passenger Car,No Injuries Reported,Yes,Backing,No,No, , , , , , ,Y, , ,Y, ,Proceeding Straight,No,No,No Passengers in Vehicle,6, , , , , , , , , ,Y,Y, ,Y,Y, , ,Y, , , ,Yes,Yellowstone Park ranger, ,Yes,,Y,,Y,,Y,Yes, ,"A Local Motors electric Olli shuttle (V1.0), equipped with the Robotic 
Research autonomy kit (enabling autonomous steering, acceleration, 
deceleration, and braking (AutoDrive)), was proceeding forward in autonomous 
mode through a parking lot in Yellowstone National Park. A parked passenger 
vehicle began reversing into the path of the Olli without signaling or yielding the right of way to the oncoming shuttle. The autonomy system detected the encroaching vehicle and commanded a braking event, which began deceleration of the Olli.  Though the Olli was nearly stopped by the time the of the accident, a collision still occurred, causing damage to the right rear of the passenger vehicle.  For reference this incident is under review with the Box-7 Team at NHTSA.", 
30290-1279,1,Argo AI,Monthly,9,2021,Sep-21,3FA6P0MU4KR, ,N/A,Ford,Fusion, ,2019, ,6d525d9e8ed29e1,9783, ,In-Vehicle (Commercial / Test),"[REDACTED, MAY CONTAIN CONFIDENTIAL BUSINESS INFORMATION]", ,Y,Yes,ADS,Argo AI, , , , ,Y,Y, , ,,Aug-21, ,Aug-21,8:10, ,ab78822ba620852,[MAY CONTAIN PERSONALLY IDENTIFIABLE INFORMATION], ,[MAY CONTAIN PERSONALLY IDENTIFIABLE INFORMATION], ,[MAY CONTAIN PERSONALLY IDENTIFIABLE INFORMATION], ,Miami, ,FL ,[MAY CONTAIN PERSONALLY IDENTIFIABLE INFORMATION], ,Street,Dry,No Unusual Conditions,30, ,Daylight,Y, , , , , , , ,,SUV,No Injuries Reported,Yes,Backing,No,No,Y, , , , , , , , , , ,Stopped,No,No,Yes,0, , , , , , , , , ,Y, , , ,Y, , ,Y,Y, , ,Yes,Miami Beach PD, ,Yes,[MAY CONTAIN PERSONALLY IDENTIFIABLE INFORMATION], ,,Y,,Y,"[REDACTED, MAY CONTAIN CONFIDENTIAL BUSINESS INFORMATION]",Y,"[REDACTED, MAY CONTAIN CONFIDENTIAL BUSINESS INFORMATION]",Y
30690-1286,1,Robotic Research,Monthly,9,2021,Sep-21,,Y,,Local Motors,Olli, ,2019, , ,1821, ,In-Vehicle (Commercial / Test),"[REDACTED, MAY CONTAIN CONFIDENTIAL BUSINESS INFORMATION]", ,Y,Yes,ADS,Beep, , , , ,Y, , , ,,Aug-21, ,Aug-21,20:00, , ,[MAY CONTAIN PERSONALLY IDENTIFIABLE INFORMATION], ,[MAY CONTAIN PERSONALLY IDENTIFIABLE INFORMATION], ,[MAY CONTAIN PERSONALLY IDENTIFIABLE INFORMATION], ,Yellowstone National Park, ,WY ,[MAY CONTAIN PERSONALLY IDENTIFIABLE INFORMATION], ,Parking Lot,Dry,No Unusual Conditions,15, ,Daylight,Y, , , , , , , ,,Passenger Car,No Injuries Reported,Yes,Backing,No,No, , , , , , ,Y, , ,Y, ,Proceeding Straight,No,No,No Passengers in Vehicle,8, , , , , , , , , ,Y,Y, ,Y, , , ,Y, , , ,Yes,U.S. National Park Service, ,Yes,,Y,,Y,,Y,Yes, ,"A Local Motors electric Olli shuttle (V1.0) (VIN Number [XXX]), equipped with the Robotic
Research autonomy kit (enabling autonomous steering, acceleration,
deceleration, and braking (AutoDrive)), was proceeding forward in autonomous
mode through a parking lot in Yellowstone National Park. A parked passenger
vehicle began reversing into the path of the Olli without signaling or yielding the right of way to
oncoming shuttle. The autonomy system detected the encroaching vehicle and commanded a braking
event, which began deceleration of the Olli. Though the Olli was nearly stopped
by the time the of the accident, a collision still occurred, causing damage
to the right rear of the passenger vehicle. The safety operator inside the
Olli also pulled the handbrake when they became aware of the oncoming
collision, but this was not performed in time to avoid the collision. For
reference this incident is under review with the Box-7 Team at NHTSA.", 
1306-1247,1,Toyota Motor Engineering & Manufacturing,Monthly,8,2021,Sep-21,2T2JGMDA3LC, ,N/A,Lexus,RX450H, ,2020, ,0eecc7fa6ddc4ad,4586, ,In-Vehicle (Commercial / Test),4, , ,Yes,ADS,May Mobility, , , , , , , ,Y,Communication from May Mobility,Aug-21, ,Sep-21,11:16, ,558988ec035939d,[MAY CONTAIN PERSONALLY IDENTIFIABLE INFORMATION], ,[MAY CONTAIN PERSONALLY IDENTIFIABLE INFORMATION], ,[MAY CONTAIN PERSONALLY IDENTIFIABLE INFORMATION], ,Indianapolis, ,IN ,[MAY CONTAIN PERSONALLY IDENTIFIABLE INFORMATION], ,Street,Dry,No Unusual Conditions,25, ,Daylight,Y, , , , , , , ,,"Other, see Narrative",No Injuries Reported,Yes,"Other, see Narrative",Not Applicable,Not Applicable, , , , , , , , , , ,Y,Making Right Turn,No,No,Yes,6, , , , , , , , , ,Y, , , , , , ,Y, , , ,No,, ,No,, ,, ,, ,Yes, ,"The subject vehicle of this report was procured by and up-fitted to ADS L4 by May Mobility with a May Mobility automated driving kit.
The content of this report, including the summary of incident below, is the information as Toyota received it from May Mobility on Sept. [XXX],
2021.
Vehicle made a right turn and struck the curb, causing a blown tire.
Vehicle elected a controller path mid corner, which caused the curb strike. We have assessed the localities where this could occur and
are taking those turns in manual operation. We are currently testing a fix that will make our controller more aware of the curb to prevent
future occurrences.", 
30531-1200,2,Transdev Alternative Services,10-Day Update,,,Sep-21,2C4RC1K78HR, ,N/A,Chrysler,Pacifica, ,2017, ,885ecf217c72a7b,120658, ,In-Vehicle (Commercial / Test),,Y, ,Yes,ADS,"Waymo, LLC.", , ,Y, ,Y, , , ,,Sep-21, ,Sep-21,13:54, ,857232881f1c3c0,,Y,,Y,[MAY CONTAIN PERSONALLY IDENTIFIABLE INFORMATION], ,Tempe, ,AZ ,,Y,Street,Dry,No Unusual Conditions,45, ,Daylight,Y, , , , , , , ,,Pickup Truck,No Injuries Reported,Yes,Making Left Turn,Unknown,Unknown, ,Y, , , , , , , , , ,Stopped,No,Yes,Yes,0, ,Y, , , , , , , , , , , , ,Y, ,Y, , , ,No,, ,Yes,, ,, ,, ,Yes, ,"On September [XXX], 2021 at 1:54 PM PDT, a Wyamo autonomous vehicles (""Waymo AV"") operating in Tempe, AZ was in a collision involving a pickup truck on [XXX] Dr. at [XXX]. While in autonomous mode, the Waymo AV began to enter the right lane of a protected double left turn (lane 2) from northbound S. [XXX] to westbound [XXX]. A pickup truck heading southbound on [XXX] had completely crossed the solid double yellow lines of the northbound double left turn lanes and positioned itself in the left lane of the double turn lane (lane 1) facing the wrong direction against traffic and was preparing to make a left turn across lane 2 and the other northbound lanes into the a shopping center parking lot on the east side of [XXX]. 
The Waymo AV was traveling in the left lane when the pickup truck began to initiate its left turn from lane 1. The Waymo AV braked and the trained human driver in the Waymo AV (in the drivers seating position) transitioned the vehicle from autonomous mode to manual mode. As the pickup truck made the left turn, the drivers side panels of the pickup truck made contact with the drivers side corner of the Waymo AV, causing moderate damage to the Waymo AV. Damage to the pickup truck is currently unknown. At the time of contact the Waymo AV was in manual mode. 
Transdev Alternative Services is reporting this crash under Request No. 1 of Standing General Order 2021-01 because the Waymo AV was towed away from the scene. Transdev may supplement or update it's reporting with additional information as it may become available. Note: This report is a duplicate to Waymo LLC report (WaymoLLC-202109[XXX]-0 (rev.202109[XXX]174039).
No 10-day update to narrative.", 
30270-1236,1,Waymo LLC,1-Day,,,Sep-21,2C4RC1K78HR, ,N/A,Chrysler,Pacifica, ,2017, ,885ecf217c72a7b,120958, ,In-Vehicle (Commercial / Test),4th Generation ADS, , ,Yes,ADS,Waymo LLC, , ,Y, , , , , ,,Sep-21, ,Sep-21,13:54, ,857232881f1c3c0,[MAY CONTAIN PERSONALLY IDENTIFIABLE INFORMATION], ,[MAY CONTAIN PERSONALLY IDENTIFIABLE INFORMATION], ,[MAY CONTAIN PERSONALLY IDENTIFIABLE INFORMATION], ,Tempe, ,AZ ,[MAY CONTAIN PERSONALLY IDENTIFIABLE INFORMATION], ,Street,Dry,No Unusual Conditions,45, ,Daylight,Y, , , , , , , ,,Pickup Truck,No Injuries Reported,Yes,Making Left Turn,Unknown,Unknown, ,Y, , , , , , , , , ,Stopped,No,Yes,Yes,0, ,Y, , , , , , , , , , , , ,Y, ,Y,Y, , ,No,, ,Yes,, ,, ,, ,Yes, ,"Other than the addition of the zip code in which the incident occurred, the content of this report is unchanged from the initial report submitted on September [XXX], 2021 [Report ID # 30270-1192-1]. 
On September [XXX], 2021 at 1:54 PM PDT, a Waymo Autonomous Vehicle ('Waymo AV') operating in Tempe, AZ was in a collision involving a pickup truck on [XXX] near [XXX]. While in autonomous mode, the Waymo AV began to enter the right lane of a protected double left turn lane (""Lane 2"") from northbound [XXX] to westbound [XXX]. A pickup truck heading southbound on [XXX] had completely crossed the double-yellow lines of the northbound double left turn lanes and positioned itself in the left lane of the double turn lane (""Lane 1"") facing the wrong direction against traffic and was preparing to make a left turn across Lane 2 and the other two northbound lanes into a shopping center parking lot on the east side of [XXX]. 
The Waymo AV was traveling in Lane 2 when the pickup truck began to initiate its left turn from Lane 1. The Waymo AV braked, and the trained human driver in the Waymo AV (in the driver's seating position), transitioned the vehicle from autonomous to manual mode. As the pickup truck made the left turn, the driver's side panels of the pickup truck made contact with the driver's side rear corner of the Waymo AV causing moderate damage to the Waymo AV. Damage to the pickup is currently unknown. At the time of contact, the Waymo AV was in manual mode.
Waymo is reporting this crash under Request No. 1 of Standing General Order 2021-01 because the Waymo AV was towed from the scene. Waymo may supplement or correct its reporting with additional information as it may become available. This report was submitted from the Pacific time zone on the required date, which in this case was the next business day after a weekend.", 