Report ID,Report Version,Reporting Entity,Report Type,Report Month,Report Year,Report Submission Date,VIN,VIN - Unknown,Serial Number,Make,Model,Model - Unknown,Model Year,Model Year - Unknown,Same Vehicle ID,Mileage,Mileage - Unknown,Driver / Operator Type,ADAS/ADS Version,ADAS/ADS Version - Unknown,ADAS/ADS Version CBI,ADS Equipped?,Automation System Engaged?,Operating Entity,Operating Entity - Unknown,Source - Complaint/Claim,Source - Telematics,Source - Law Enforcement,Source - Field Report,Source - Testing,Source - Media,Source - Other,Source - Other Text,Incident Date,Incident Date - Unknown,Notice Received Date,Incident Time (24:00),Incident Time - Unknown,Same Incident ID,Latitude,Latitude  - Unknown,Longitude,Longitude - Unknown,Address,Address - Unknown,City,City - Unknown,State,Zip Code,Zip Code - Unknown,Roadway Type,Roadway Surface,Roadway Description,Posted Speed Limit (MPH),Posted Speed Limit - Unknown,Lighting,Weather - Clear,Weather - Snow,Weather - Cloudy,Weather - Fog/Smoke,Weather - Rain,Weather - Severe Wind,Weather - Unknown,Weather - Other,Weather - Other Text,Crash With,Highest Injury Severity,Property Damage?,CP Pre-Crash Movement,CP Any Air Bags Deployed?,CP Was Vehicle Towed?,CP Contact Area - Rear Left,CP Contact Area - Left,CP Contact Area - Front Left,CP Contact Area - Rear,CP Contact Area - Top,CP Contact Area - Front,CP Contact Area - Rear Right,CP Contact Area - Right,CP Contact Area - Front Right,CP Contact Area - Bottom,CP Contact Area - Unknown,SV Pre-Crash Movement,SV Any Air Bags Deployed?,SV Was Vehicle Towed?,SV Were All Passengers Belted?,SV Precrash Speed (MPH),SV Pre-crash Speed - Unknown,SV Contact Area - Rear Left,SV Contact Area - Left,SV Contact Area - Front Left,SV Contact Area - Rear,SV Contact Area - Top,SV Contact Area - Front,SV Contact Area - Rear Right,SV Contact Area - Right,SV Contact Area - Front Right,SV Contact Area - Bottom,SV Contact Area - Unknown,Data Availability - EDR,Data Availability - Police Rpt,Data Availability - Telematics,Data Availability - Complaints,Data Availability - Video,Data Availability - Other,Data Availability - No Data,Data Availability - Unknown,Law Enforcement Investigating?,Investigating Agency,Investigating Agency - Unknown,Rep Ent Or Mfr Investigating?,Investigating Officer Name,Inv. Officer Name - Unknown,Investigating Officer Phone,Inv. Officer Phone - Unknown,Investigating Officer Email,Inv. Officer Email - Unknown,Within ODD?,Within ODD? - CBI,Narrative,Narrative - CBI?
30531-4492,2,Transdev Alternative Services,Monthly Update,11,2022,Dec-22,SADHW2S16M1, ,N/A,Jaguar,I-Pace, ,2021, ,5ea534fc5d6467f,21957, ,In-Vehicle (Commercial / Test),5th Generation ADS, , ,Yes,ADS,Waymo LLC, , ,Y, , , , , ,,Nov-22, ,Nov-22,16:30, ,439627d9d2569d4,[MAY CONTAIN PERSONALLY IDENTIFIABLE INFORMATION], ,[MAY CONTAIN PERSONALLY IDENTIFIABLE INFORMATION], ,[MAY CONTAIN PERSONALLY IDENTIFIABLE INFORMATION], ,San Francisco, ,CA ,[MAY CONTAIN PERSONALLY IDENTIFIABLE INFORMATION], ,Street,Dry,No Unusual Conditions,25, ,Daylight, , ,Y, , , , , ,,SUV,No Injuries Reported,Yes,Parked,No,No,Y, , , , , , , , , , ,Backing,No,No,Yes,2, , , , , , , , , ,Y, , , , ,Y, ,Y,Y, , ,No,, ,Yes,, ,, ,, ,Yes, ,"Corrected the latitude and longitude. Nothing else was updated.
On November [XXX], 2022 at 4:30 PM PST a Waymo Autonomous Vehicle (Waymo AV) operating in San Francisco, California was in a collision involving a parked SUV near [XXX].
While reversing in manual on a narrow road, the front right radar of the Waymo AV made contact with the taillight of a parked SUV. At the time of the impact, the Waymo AVs Level 4 ADS was not engaged and a test driver was operating the Waymo AV in manual mode. Both vehicles sustained damage.
Transdev Alternative Services is reporting this crash under Request No. 2 of Standing General Order 2021-01. Transdev may supplement or correct its reporting with additional information as it may become available. This report is a duplicate of WaymoLLC-20221103-0 (rev.20221215142403).", 
30531-4494,1,Transdev Alternative Services,Monthly,11,2022,Dec-22,SADHW2S19M1, ,N/A,Jaguar,I-Pace, ,2021, ,3ec8539482cc8b0,35308, ,In-Vehicle (Commercial / Test),5th Generation ADS, , ,Yes,ADS,Waymo LLC, , ,Y, , , , , ,,Nov-22, ,Nov-22,9:34, ,5628c7d47cd45e9,[MAY CONTAIN PERSONALLY IDENTIFIABLE INFORMATION], ,[MAY CONTAIN PERSONALLY IDENTIFIABLE INFORMATION], ,[MAY CONTAIN PERSONALLY IDENTIFIABLE INFORMATION], ,San Francisco, ,CA ,[MAY CONTAIN PERSONALLY IDENTIFIABLE INFORMATION], ,Intersection,Wet,No Unusual Conditions,25, ,Daylight, , , , ,Y, , , ,,Passenger Car,No Injuries Reported,Yes,Crossing into Opposing Lane,Unknown,No, , , , , , , , ,Y, , ,Stopped,No,No,Yes,0, ,Y, , , , , , , , , , , , ,Y, ,Y,Y, , ,No,, ,Yes,, ,, ,, ,Yes, ,"On November [XXX], 2022 at 9:34 AM PST a Waymo Autonomous Vehicle (Waymo AV) operating in San Francisco, California was in a collision involving a passenger car on [XXX] at [XXX].
The Waymo AV was stopped in traffic on northbound [XXX] in autonomous mode. A passenger car that had been stopped behind the Waymo AV passed on the left side, crossing the double yellow line and making contact with the Waymo AVs rear left sensor housing. The passenger car immediately left the scene.
At the time of the impact, the Waymo AVs Level 4 ADS was engaged in autonomous mode, and a test driver was present (in the drivers seating position). The Waymo AV sustained damage.
Transdev Alternative Services is reporting this crash under Request No. 2 of Standing General Order 2021-01. Transdev may supplement or correct its reporting with additional information as it may become available. This is a duplicate of report WaymoLLC-20221108-0 (rev.20221215145119).", 
30531-4492,1,Transdev Alternative Services,Monthly,11,2022,Dec-22,SADHW2S16M1, ,N/A,Jaguar,I-Pace, ,2021, ,5ea534fc5d6467f,21957, ,In-Vehicle (Commercial / Test),5th Generation ADS, , ,Yes,ADS,Waymo LLC, , ,Y, , , , , ,,Nov-22, ,Nov-22,16:30, ,439627d9d2569d4,[MAY CONTAIN PERSONALLY IDENTIFIABLE INFORMATION], ,[MAY CONTAIN PERSONALLY IDENTIFIABLE INFORMATION], ,[MAY CONTAIN PERSONALLY IDENTIFIABLE INFORMATION], ,San Francisco, ,CA ,[MAY CONTAIN PERSONALLY IDENTIFIABLE INFORMATION], ,Street,Dry,No Unusual Conditions,25, ,Daylight, , ,Y, , , , , ,,SUV,No Injuries Reported,Yes,Parked,No,No,Y, , , , , , , , , , ,Backing,No,No,Yes,2, , , , , , , , , ,Y, , , , ,Y, ,Y,Y, , ,No,, ,Yes,, ,, ,, ,Yes, ,"On November [XXX], 2022 at 4:30 PM PST a Waymo Autonomous Vehicle (Waymo AV) operating in San Francisco, California was in a collision involving a parked SUV near [XXX].
While reversing in manual on a narrow road, the front right radar of the Waymo AV made contact with the taillight of a parked SUV. At the time of the impact, the Waymo AVs Level 4 ADS was not engaged and a test driver was operating the Waymo AV in manual mode. Both vehicles sustained damage.
Transdev Alternative Services is reporting this crash under Request No. 2 of Standing General Order 2021-01. Transdev may supplement or correct its reporting with additional information as it may become available. This report is a duplicate of WaymoLLC-20221103-0 (rev.20221215142403).", 
30270-4485,1,Waymo LLC,Monthly,11,2022,Dec-22,SADHW2S19M1, ,N/A,Jaguar,I-Pace, ,2021, ,3ec8539482cc8b0,35308, ,In-Vehicle (Commercial / Test),5th Generation ADS, , ,Yes,ADS,Waymo LLC, , ,Y, , , , , ,,Nov-22, ,Nov-22,9:34, ,5628c7d47cd45e9,[MAY CONTAIN PERSONALLY IDENTIFIABLE INFORMATION], ,[MAY CONTAIN PERSONALLY IDENTIFIABLE INFORMATION], ,[MAY CONTAIN PERSONALLY IDENTIFIABLE INFORMATION], ,San Francisco, ,CA ,[MAY CONTAIN PERSONALLY IDENTIFIABLE INFORMATION], ,Intersection,Wet,No Unusual Conditions,25, ,Daylight, , , , ,Y, , , ,,Passenger Car,No Injuries Reported,Yes,Crossing into Opposing Lane,Unknown,No, , , , , , , , ,Y, , ,Stopped,No,No,Yes,0, ,Y, , , , , , , , , , , , ,Y, ,Y,Y, , ,No,, ,Yes,, ,, ,, ,Yes, ,"On November [XXX], 2022 at 9:34 AM PST a Waymo Autonomous Vehicle (Waymo AV) operating in San Francisco, California was in a collision involving a passenger car on [XXX] at [XXX].
The Waymo AV was stopped in traffic on northbound [XXX] in autonomous mode. A passenger car that had been stopped behind the Waymo AV passed on the left side, crossing the double yellow line and making contact with the Waymo AVs rear left sensor housing. The passenger car immediately left the scene.
At the time of the impact, the Waymo AVs Level 4 ADS was engaged in autonomous mode, and a test driver was present (in the drivers seating position). The Waymo AV sustained damage.
Waymo is reporting this crash under Request No. 2 of Standing General Order 2021-01. Waymo may supplement or correct its reporting with additional information as it may become available.", 
30270-4482,1,Waymo LLC,Monthly,11,2022,Dec-22,SADHW2S16M1, ,N/A,Jaguar,I-Pace, ,2021, ,5ea534fc5d6467f,21957, ,In-Vehicle and Remote (Commercial / Test),5th Generation ADS, , ,Yes,ADS,Waymo LLC, , ,Y, , , , , ,,Nov-22, ,Nov-22,16:30, ,439627d9d2569d4,[MAY CONTAIN PERSONALLY IDENTIFIABLE INFORMATION], ,[MAY CONTAIN PERSONALLY IDENTIFIABLE INFORMATION], ,[MAY CONTAIN PERSONALLY IDENTIFIABLE INFORMATION], ,San Francisco, ,CA ,[MAY CONTAIN PERSONALLY IDENTIFIABLE INFORMATION], ,Street,Dry,No Unusual Conditions,25, ,Daylight, , ,Y, , , , , ,,SUV,No Injuries Reported,Yes,Parked,No,No,Y, , , , , , , , , , ,Backing,No,No,Yes,2, , , , , , , , , ,Y, , , , ,Y, ,Y,Y, , ,No,, ,Yes,, ,, ,, ,Yes, ,"On November [XXX], 2022 at 4:30 PM PST a Waymo Autonomous Vehicle (Waymo AV) operating in San Francisco, California was in a collision involving a parked SUV near [XXX].
While reversing in manual on a narrow road, the front right radar of the Waymo AV made contact with the taillight of a parked SUV. At the time of the impact, the Waymo AVs Level 4 ADS was not engaged and a test driver was operating the Waymo AV in manual mode. Both vehicles sustained damage.
Waymo is reporting this crash under Request No. 2 of Standing General Order 2021-01. Waymo may supplement or correct its reporting with additional information as it may become available.", 
855-4460,1,"Mercedes-Benz USA, LLC",Monthly,12,2022,Dec-22,W1K2231601A, ,[MAY CONTAIN PERSONALLY IDENTIFIABLE INFORMATION],Mercedes-Benz,S450, ,2021, ,d376a488244efc4,4722, ,In-Vehicle (Commercial / Test),"[REDACTED, MAY CONTAIN CONFIDENTIAL BUSINESS INFORMATION]", ,Y,Yes,"Unknown, see Narrative",NVIDIA, , , , , ,Y, , ,,Nov-22, ,Nov-22,17:20, ,84d4fa517d86789,,Y,,Y,[MAY CONTAIN PERSONALLY IDENTIFIABLE INFORMATION], ,San Jose, ,CA ,[MAY CONTAIN PERSONALLY IDENTIFIABLE INFORMATION], ,Highway / Freeway,Dry,No Unusual Conditions,65, ,Dark - Lighted,Y, , , , , , , ,,Pickup Truck,No Injuries Reported,Yes,Stopped,No,Unknown, , , , , , , , , , ,Y,Changing Lanes,No,No,Unknown,19, , , ,Y, , ,Y, , ,Y, , , , , , , ,Y, , ,No,, ,No,, ,, ,, ,"No, see Narrative", ,"The Mercedes-Benz vehicle was traveling northbound on [XXX] in lane one, near [XXX], with the vehicle's L3 ADS engaged. Traffic ahead began slowing, and the operator attempted a right lane change into lane two. The Mercedes-Benz vehicle operator was unable to complete the lane change and instead applied the brakes. The Mercedes-Benz operator was unable to avoid contact with the Ford vehicle that was in front of it, and the Mercedes-Benz front bumper contacted the rear bumper of the Ford vehicle.", 
30571-4399,2,NVIDIA CORP,Monthly Update,12,2022,Dec-22,W1K2231601A, ,N/A,Mercedes-Benz,S450, ,2021, ,d376a488244efc4,4722, ,In-Vehicle (Commercial / Test),"[REDACTED, MAY CONTAIN CONFIDENTIAL BUSINESS INFORMATION]", ,Y,Yes,ADS,NVIDIA Corporation, , , , ,Y, , , ,,Nov-22, ,Nov-22,17:20, ,84d4fa517d86789,,Y,,Y,[MAY CONTAIN PERSONALLY IDENTIFIABLE INFORMATION], ,San Jose, ,CA ,[MAY CONTAIN PERSONALLY IDENTIFIABLE INFORMATION], ,Highway / Freeway,Dry,No Unusual Conditions,65, ,Dark - Lighted,Y, , , , , , , ,,Pickup Truck,No Injuries Reported,Yes,Stopped,No,No, , , , , , ,Y, , , , ,Changing Lanes,No,No,Yes,19, , , ,Y, , ,Y, , ,Y, , ,Y, , , , , , , ,No,, ,No,, ,, ,, ,Yes, ,"The Mercedes-Benz vehicle was traveling northbound on [XXX] in lane one, near [XXX], with the vehicles L3 ADS system engaged. Traffic ahead began slowing, and the operator attempted a right lane change into lane two. The Mercedes-Benz vehicle operator was unable to complete the lane change and instead applied the brakes. The Mercedes-Benz operator was unable to avoid contact with the Ford vehicle that was in front of it, and the Mercedes-Benz front bumper contacted the rear bumper of the Ford vehicle.", 
30571-4399,1,NVIDIA CORP,Monthly,12,2022,Dec-22,W1K2231601A, ,N/A,Mercedes-Benz,S450, ,2021, ,d376a488244efc4,4722, ,In-Vehicle (Commercial / Test),"[REDACTED, MAY CONTAIN CONFIDENTIAL BUSINESS INFORMATION]", ,Y,Yes,ADS,NVIDIA Corporation, , , , ,Y, , , ,,Nov-22, ,Nov-22,17:20, ,84d4fa517d86789,,Y,,Y,[MAY CONTAIN PERSONALLY IDENTIFIABLE INFORMATION], ,San Jose, ,CA ,[MAY CONTAIN PERSONALLY IDENTIFIABLE INFORMATION], ,Highway / Freeway,Dry,No Unusual Conditions,65, ,Dark - Lighted,Y, , , , , , , ,,Pickup Truck,No Injuries Reported,Yes,Stopped,No,No, , , , , , ,Y, , , , ,Changing Lanes,No,No,Yes,19, , , ,Y, , ,Y, , ,Y, , ,Y, , , , , , , ,No,, ,No,, ,, ,, ,"[REDACTED, MAY CONTAIN CONFIDENTIAL BUSINESS INFORMATION]",Y,"[REDACTED, MAY CONTAIN CONFIDENTIAL BUSINESS INFORMATION]",Y
30610-4362,1,"Zoox, Inc.",Monthly,12,2022,Dec-22,5TDDCRFH4GS, ,N/A,Toyota,Highlander, ,2016, ,31b1818df0c9fce,102496, ,In-Vehicle (Commercial / Test),2022.28.11, , ,Yes,ADS,Zoox Inc., , , , ,Y,Y, , ,,Nov-22, ,Nov-22,22:18, ,cd46839f7e32cc9,[MAY CONTAIN PERSONALLY IDENTIFIABLE INFORMATION], ,[MAY CONTAIN PERSONALLY IDENTIFIABLE INFORMATION], ,[MAY CONTAIN PERSONALLY IDENTIFIABLE INFORMATION], ,San Francisco, ,CA ,[MAY CONTAIN PERSONALLY IDENTIFIABLE INFORMATION], ,Intersection,Dry,No Unusual Conditions,25, ,Dark - Lighted,Y, , , , , , , ,,Passenger Car,No Injuries Reported,Yes,Changing Lanes,No,No, , ,Y, , , , , , , , ,Making Left Turn,No,No,Yes,0, , , , ,Y, , ,Y, , , , , , ,Y, ,Y, , , ,No,, ,No,, ,, ,, ,Yes, ,"A Zoox vehicle in autonomy was fully stopped with brake lights illuminated in the left turn lane at a red traffic light waiting to complete a left hand turn from [XXX] onto [XXX] in San Francisco, Ca. As the light turned green, the Zoox vehicle appropriately yielded to oncoming traffic when Vehicle 2 attempted to make a lane change to the right and struck the rear of the Zoox vehicle. The Zoox vehicle incurred minor damage to the rear sensors and bumper. There were no injuries and police were not called.", 
30610-4383,1,"Zoox, Inc.",Monthly,12,2022,Dec-22,5TDDCRFH0GS, ,N/A,Toyota,Highlander, ,2016, ,e3ca3db6c055516,65697, ,In-Vehicle (Commercial / Test),111.22.11.20, , ,Yes,ADS,Zoox Inc., , , , ,Y,Y, , ,,Nov-22, ,Nov-22,13:24, ,7f8f08e31baa51a,[MAY CONTAIN PERSONALLY IDENTIFIABLE INFORMATION], ,[MAY CONTAIN PERSONALLY IDENTIFIABLE INFORMATION], ,[MAY CONTAIN PERSONALLY IDENTIFIABLE INFORMATION], ,San Francisco, ,CA ,[MAY CONTAIN PERSONALLY IDENTIFIABLE INFORMATION], ,Street,Dry,No Unusual Conditions,30, ,Daylight,Y, , , , , , , ,,Van,No Injuries Reported,Yes,Proceeding Straight,No,No, , , , , ,Y, , , , , ,Stopped,No,No,Yes,0, , , , ,Y, , , , , , , , , ,Y, ,Y, , , ,No,, ,No,, ,, ,, ,Yes, ,"A Zoox vehicle in autonomy was stopped at a red light waiting for traffic ahead on [XXX] with brake lights illuminated. When the traffic light changed to green, surrounding traffic began to move. The Zoox vehicle appropriately continued to wait for a stopped lead vehicle immediately ahead when vehicle 2 struck the Zoox vehicle from the rear. Zoox vehicle camera footage shows the driver of vehicle 2 holding their cellphone raised in their hand at the time of contact. There were no injuries and police were not called.", 
30610-4385,1,"Zoox, Inc.",Monthly,12,2022,Dec-22,5TDDCRFH4GS, ,N/A,Toyota,Highlander, ,2016, ,31b1818df0c9fce,101494, ,In-Vehicle (Commercial / Test),98.22.11.14, , ,Yes,ADS,Zoox Inc., , , , ,Y,Y, , ,,Nov-22, ,Nov-22,20:22, ,3af30c276bb69b3,[MAY CONTAIN PERSONALLY IDENTIFIABLE INFORMATION], ,[MAY CONTAIN PERSONALLY IDENTIFIABLE INFORMATION], ,[MAY CONTAIN PERSONALLY IDENTIFIABLE INFORMATION], ,San Francisco, ,CA ,[MAY CONTAIN PERSONALLY IDENTIFIABLE INFORMATION], ,Street,Dry,No Unusual Conditions,25, ,Dark - Lighted,Y, , , , , , , ,,Passenger Car,No Injuries Reported,Yes,Proceeding Straight,No,No, , , , , , , , ,Y, , ,Proceeding Straight,No,No,Yes,5, , , , ,Y, , , , , , , , , ,Y, ,Y, , , ,No,, ,No,, ,, ,, ,Yes, ,"A Zoox vehicle in autonomy was proceeding straight on [XXX] in San Francisco, CA when a leading vehicle in the lane began to slow down prompting the Zoox vehicle to slow correspondingly. The Zoox vehicle, with brake lights illuminated, had slowed to 5 mph when it was struck from the rear by vehicle 2. Zoox vehicle camera footage shows the driver of vehicle 2 holding their cellphone raised in their right hand. There were no injuries and police were not called.", 
30531-4278,1,Transdev Alternative Services,Monthly,10,2022,Nov-22,SADHW2S18M1, ,N/A,Jaguar,I-Pace, ,2021, ,4a17d6b39e90898,28333, ,In-Vehicle (Commercial / Test),5th Generation ADS, , ,Yes,ADS,Waymo LLC, , ,Y, , , , , ,,Oct-22, ,Oct-22,8:27, ,27528ff2c99e583,[MAY CONTAIN PERSONALLY IDENTIFIABLE INFORMATION], ,[MAY CONTAIN PERSONALLY IDENTIFIABLE INFORMATION], ,[MAY CONTAIN PERSONALLY IDENTIFIABLE INFORMATION], ,San Francisco, ,CA ,[MAY CONTAIN PERSONALLY IDENTIFIABLE INFORMATION], ,Intersection,Dry,No Unusual Conditions,15, ,Daylight,Y, , , , , , , ,,"Other, see Narrative",No Injuries Reported,Yes,"Other, see Narrative",Not Applicable,Not Applicable, , , , , , , , , , ,Y,Proceeding Straight,No,No,Yes,6, , , , , , , , , , ,Y, , , ,Y, ,Y,Y, , ,No,, ,Yes,, ,, ,, ,Yes, ,"On October [XXX], 2022 at 8:27 AM PST a Waymo Autonomous Vehicle (""Waymo AV"") operating in San Francisco, California made contact with the pavement on a steep hill on [XXX] at [XXX].
The Waymo AV was on a steep hill, turning from [XXX] onto [XXX], when the Waymo AV's undercarriage made contact with the pavement (the AV did not contact any vehicle or road user).  At the time of the impact, the Waymo AV's Level 4 ADS was engaged in autonomous mode, and a test driver was present (in the driver's seating position).  The Waymo AV sustained damage.
Transdev Alternative Services is reporting this crash under Request No. 2 of Standing General order 2021-01.  Transdev may supplement or correct its reporting with additional information as it may become available.  This report is a duplicate of WaymoLLC-20221021-0 (rev.20221115172608).", 
30270-4274,1,Waymo LLC,Monthly,10,2022,Nov-22,SADHW2S18M1, ,N/A,Jaguar,I-Pace, ,2021, ,4a17d6b39e90898,28333, ,In-Vehicle (Commercial / Test),5th Generation ADS, , ,Yes,ADS,Waymo LLC, , ,Y, , , , , ,,Oct-22, ,Oct-22,8:27, ,27528ff2c99e583,[MAY CONTAIN PERSONALLY IDENTIFIABLE INFORMATION], ,[MAY CONTAIN PERSONALLY IDENTIFIABLE INFORMATION], ,[MAY CONTAIN PERSONALLY IDENTIFIABLE INFORMATION], ,San Francisco, ,CA ,[MAY CONTAIN PERSONALLY IDENTIFIABLE INFORMATION], ,Intersection,Dry,No Unusual Conditions,15, ,Daylight,Y, , , , , , , ,,"Other, see Narrative",No Injuries Reported,Yes,"Other, see Narrative",Not Applicable,Not Applicable, , , , , , , , , , ,Y,Making Right Turn,No,No,Yes,6, , , , , , , , , , ,Y, , , ,Y, ,Y,Y, , ,No,, ,Yes,, ,, ,, ,Yes, ,"On October [XXX], 2022 at 8:27 AM PST a Waymo Autonomous Vehicle (Waymo AV) operating in San Francisco, California made contact with the pavement on a steep hill on [XXX] at [XXX].
The Waymo AV was on a steep hill, turning from [XXX] onto [XXX], when the Waymo AV's undercarriage made contact with the pavement (the AV did not contact any vehicle or road user). At the time of the impact, the Waymo AVs Level 4 ADS was engaged in autonomous mode, and a test driver was present (in the drivers seating position). The Waymo AV sustained damage.
Waymo is reporting this crash under Request No. 2 of Standing General Order 2021-01. Waymo may supplement or correct its reporting with additional information as it may become available.", 
30610-4217,1,"Zoox, Inc.",Monthly,11,2022,Nov-22,5TDDCRFH9GS, ,N/A,Toyota,Highlander, ,2016, ,c163af6fd5e1e60,39307, ,In-Vehicle (Commercial / Test),80.22.10.14, , ,Yes,ADS,Zoox, , , , ,Y, , , ,,Oct-22, ,Oct-22,13:52, ,ff1fb0799a4f9e8,[MAY CONTAIN PERSONALLY IDENTIFIABLE INFORMATION], ,[MAY CONTAIN PERSONALLY IDENTIFIABLE INFORMATION], ,[MAY CONTAIN PERSONALLY IDENTIFIABLE INFORMATION], ,San Francisco, ,CA ,[MAY CONTAIN PERSONALLY IDENTIFIABLE INFORMATION], ,Intersection,Dry,No Unusual Conditions,25, ,Daylight,Y, , , , , , , ,,Passenger Car,No Injuries Reported,Yes,"Other, see Narrative",No,No, , , , , , , , ,Y, , ,Proceeding Straight,No,No,Yes,24, , , ,Y, , ,Y, , ,Y, , , , ,Y, ,Y, , , ,No,, ,No,, ,, ,, ,Yes, ,A Zoox vehicle was proceeding straight in autonomy through an intersection with a green light and right of way when vehicle 2 attempted an illegal left turn across lanes of traffic into Zooxs right of way. The safety driver disengaged and applied max braking effort which allowed Zoox to mitigate but not completely prevent the unavoidable collision. The Zoox vehicle struck the right front corner of vehicle 2. No injuries were reported and the police were not called to the scene., 
30610-4215,1,"Zoox, Inc.",Monthly,11,2022,Nov-22,5TDDCRFH3GS, ,N/A,Toyota,Highlander, ,2016, ,9e82491db35e19c,57118, ,In-Vehicle (Commercial / Test),53.22.10.03, , ,Yes,ADS,Zoox, , , , ,Y,Y, , ,,Oct-22, ,Oct-22,14:02, ,ee7410fb0a17f2e,[MAY CONTAIN PERSONALLY IDENTIFIABLE INFORMATION], ,[MAY CONTAIN PERSONALLY IDENTIFIABLE INFORMATION], ,[MAY CONTAIN PERSONALLY IDENTIFIABLE INFORMATION], ,San Francisco, ,CA ,[MAY CONTAIN PERSONALLY IDENTIFIABLE INFORMATION], ,Street,Dry,No Unusual Conditions,25, ,Daylight,Y, , , , , , , ,,Van,No Injuries Reported,Yes,"Other, see Narrative",No,No, , , , , , ,Y, , , , ,Stopped,No,No,Yes,0, , , , , , ,Y, , , , , , , ,Y, ,Y, , , ,No,, ,No,, ,, ,, ,Yes, ,"A Zoox vehicle was in autonomy proceeding straight on [XXX] in San Francisco, CA when it encountered a double parked vehicle in lane (vehicle 2). The Zoox vehicle came to a complete stop while waiting for an opportunity to merge around vehicle 2. Vehicle 2 then rolled backwards into the Zoox vehicle, causing minor damage to front sensors and Vehicle 2 rear bumper. There were no injuries and first responders were not notified. Post incident review did not observe any brake lights or reverse lights on vehicle 2 while it was rolling backwards.", 
30531-4081,1,Transdev Alternative Services,Monthly,9,2022,Oct-22,SADHW2S19M1, ,N/A,Jaguar,I-Pace, ,2021, ,c6b9fb3009b44fc,24086, ,In-Vehicle (Commercial / Test),5th Generation ADS, , ,Yes,ADS,Waymo LLC, , ,Y, , , , , ,,Sep-22, ,Sep-22,6:38, ,608483a735c3efb,[MAY CONTAIN PERSONALLY IDENTIFIABLE INFORMATION], ,[MAY CONTAIN PERSONALLY IDENTIFIABLE INFORMATION], ,[MAY CONTAIN PERSONALLY IDENTIFIABLE INFORMATION], ,San Francisco, ,CA ,[MAY CONTAIN PERSONALLY IDENTIFIABLE INFORMATION], ,Intersection,Dry,No Unusual Conditions,25, ,Dawn / Dusk,Y, , , , , , , ,,SUV,No Injuries Reported,Yes,Changing Lanes,No,No, , , , , , ,Y, , , , ,Stopped,No,No,Yes,0, ,Y, , , , , , , , , , , , ,Y, ,Y,Y, , ,No,, ,Yes,, ,, ,, ,Yes, ,"On September [XXX], 2022 at 6:38 AM PST a Waymo Autonomous Vehicle (""Waymo AV"") operating in San Francisco, California was in a collision involving an SUV on [XXX] and [XXX].
While traveling northbound on [XXX], the Waymo AV changed lanes from the center lane to the right lane before slowing to a stop at a red light at [XXX].  While the Waymo AV was making the lane change, the vehicle immediately behind the Waymo AV in the right lane moved to the center lane and made contact with the right rear sensor of the Waymo AV.  At the time of the impact, the Waymo AV's Level 4 ADS was engaged in autonomous mode, and a test driver was present (in the driver's seating position).  The SUV sustained damage.
Transdev Alternative Services is reporting this crash under Request No. 2 of Standing General Order 2021-01.  Transdev may supplement or correct its reporting with additional information as it may become available.  This report is a duplicate of WaymoLLC-20220917-0 (rev.20221017214905).", 
30531-4080,1,Transdev Alternative Services,Monthly,9,2022,Oct-22,SADHW2S18M1, ,N/A,Jaguar,I-Pace, ,2021, ,2c7a9a00277e615,38190, ,In-Vehicle (Commercial / Test),5th Generation ADS, , ,Yes,ADS,Waymo LLC, , ,Y, , , , , ,,Sep-22, ,Sep-22,9:42, ,fa194d70fbd9972,[MAY CONTAIN PERSONALLY IDENTIFIABLE INFORMATION], ,[MAY CONTAIN PERSONALLY IDENTIFIABLE INFORMATION], ,[MAY CONTAIN PERSONALLY IDENTIFIABLE INFORMATION], ,San Francisco, ,CA ,[MAY CONTAIN PERSONALLY IDENTIFIABLE INFORMATION], ,Intersection,Dry,No Unusual Conditions,25, ,Daylight,Y, , , , , , , ,,Passenger Car,No Injuries Reported,Yes,Proceeding Straight,No,No, , , , , ,Y, , , , , ,Stopped,No,No,Yes,0, , , , ,Y, , , , , , , , , ,Y, ,Y,Y, , ,No,, ,Yes,, ,, ,, ,Yes, ,"On September [XXX], 2022 at 9:42 AM PST a Waymo Autonomous Vehicle (""Waymo AV"") operating in San Francisco, California was in a collision involving a passenger car on [XXX] at [XXX].
The Waymo AV was traveling east on [XXX] in autonomous mode when it stopped at a stop sign at [XXX].  A passenger car approaching from behind made contact with the rear of the Waymo AV.  At the time of the impact, the Waymo AV's Level 4 ADS was engaged in autonomous mode, and a test driver was present (in the driver's seating position).  The Waymo AV sustained damage.
Transdev Alternative Services is reporting this crash under Request No. 2 of Standing General Order 2021-01.  Transdev may supplement or correct its reporting with additional information as it may become available.  This report is a duplicate of WaymoLLC-20220915-0 (rev.20221017212632).", 
30531-4079,1,Transdev Alternative Services,Monthly,9,2022,Oct-22,SADHW2S14M1, ,N/A,Jaguar,I-Pace, ,2021, ,3f1e3d345cb4788,21860, ,In-Vehicle (Commercial / Test),5th Generation ADS, , ,Yes,ADS,Waymo LLC, , ,Y, , , , , ,,Sep-22, ,Sep-22,12:57, ,ef640dbe91eb562,[MAY CONTAIN PERSONALLY IDENTIFIABLE INFORMATION], ,[MAY CONTAIN PERSONALLY IDENTIFIABLE INFORMATION], ,[MAY CONTAIN PERSONALLY IDENTIFIABLE INFORMATION], ,San Francisco, ,CA ,[MAY CONTAIN PERSONALLY IDENTIFIABLE INFORMATION], ,Intersection,Dry,No Unusual Conditions,5, ,Daylight,Y, , , , , , , ,,Pickup Truck,No Injuries Reported,Yes,Making Left Turn,No,No,Y, , , , , , , , , , ,Stopped,No,No,Yes,0, ,Y, , , , , , , , , , , , ,Y, ,Y,Y, , ,No,, ,Yes,, ,, ,, ,Yes, ,"On September [XXX], 2022 at 12:57 PM PST a Waymo Autonomous Vehicle (""Waymo AV"") operating in San Francisco, CA was in a collision involving a pickup truck in a parking lot at [XXX].
The Waymo AV came to a stop in the parking lot while yielding to both pedestrians and an oncoming pickup truck.  While the Waymo AV was stopped, the oncoming pickup truck passed the Waymo AV on the left hand side, making contact with the rear left sensor of the Waymo AV.  The pickup truck then left the scene.  At the time of the impact, the Waymo AV's Level 4 ADS was stationary and engaged in autonomous mode, and a test driver was present (in the driver's seating position).  The Waymo AV sustained damage.
Transdev Alternative Services is reporting this crash under Request No. 2 of Standing General Order 2021-01.  Transdev may supplement or correct its reporting with additional information as it may become available.  This report is a duplicate of WaymoLLC-20220910-0 (rev.20221017164138).", 