Report ID,Report Version,Reporting Entity,Report Type,Report Month,Report Year,Report Submission Date,VIN,VIN - Unknown,Serial Number,Make,Model,Model - Unknown,Model Year,Model Year - Unknown,Same Vehicle ID,Mileage,Mileage - Unknown,Driver / Operator Type,ADAS/ADS Version,ADAS/ADS Version - Unknown,ADAS/ADS Version CBI,ADS Equipped?,Automation System Engaged?,Operating Entity,Operating Entity - Unknown,Source - Complaint/Claim,Source - Telematics,Source - Law Enforcement,Source - Field Report,Source - Testing,Source - Media,Source - Other,Source - Other Text,Incident Date,Incident Date - Unknown,Notice Received Date,Incident Time (24:00),Incident Time - Unknown,Same Incident ID,Latitude,Latitude  - Unknown,Longitude,Longitude - Unknown,Address,Address - Unknown,City,City - Unknown,State,Zip Code,Zip Code - Unknown,Roadway Type,Roadway Surface,Roadway Description,Posted Speed Limit (MPH),Posted Speed Limit - Unknown,Lighting,Weather - Clear,Weather - Snow,Weather - Cloudy,Weather - Fog/Smoke,Weather - Rain,Weather - Severe Wind,Weather - Unknown,Weather - Other,Weather - Other Text,Crash With,Highest Injury Severity,Property Damage?,CP Pre-Crash Movement,CP Any Air Bags Deployed?,CP Was Vehicle Towed?,CP Contact Area - Rear Left,CP Contact Area - Left,CP Contact Area - Front Left,CP Contact Area - Rear,CP Contact Area - Top,CP Contact Area - Front,CP Contact Area - Rear Right,CP Contact Area - Right,CP Contact Area - Front Right,CP Contact Area - Bottom,CP Contact Area - Unknown,SV Pre-Crash Movement,SV Any Air Bags Deployed?,SV Was Vehicle Towed?,SV Were All Passengers Belted?,SV Precrash Speed (MPH),SV Pre-crash Speed - Unknown,SV Contact Area - Rear Left,SV Contact Area - Left,SV Contact Area - Front Left,SV Contact Area - Rear,SV Contact Area - Top,SV Contact Area - Front,SV Contact Area - Rear Right,SV Contact Area - Right,SV Contact Area - Front Right,SV Contact Area - Bottom,SV Contact Area - Unknown,Data Availability - EDR,Data Availability - Police Rpt,Data Availability - Telematics,Data Availability - Complaints,Data Availability - Video,Data Availability - Other,Data Availability - No Data,Data Availability - Unknown,Law Enforcement Investigating?,Investigating Agency,Investigating Agency - Unknown,Rep Ent Or Mfr Investigating?,Investigating Officer Name,Inv. Officer Name - Unknown,Investigating Officer Phone,Inv. Officer Phone - Unknown,Investigating Officer Email,Inv. Officer Email - Unknown,Within ODD?,Within ODD? - CBI,Narrative,Narrative - CBI?
30270-3844,1,Waymo LLC,Monthly,8,2022,Sep-22,SADHW2S15M1, ,N/A,Jaguar,I-Pace, ,2021, ,1d779bc3c6588a4,10537, ,In-Vehicle (Commercial / Test),5th Generation ADS, , ,Yes,ADS,Waymo LLC, , ,Y, , , , , ,,Aug-22, ,Aug-22,3:52, ,ca8c63af9d4185b,[MAY CONTAIN PERSONALLY IDENTIFIABLE INFORMATION], ,[MAY CONTAIN PERSONALLY IDENTIFIABLE INFORMATION], ,[MAY CONTAIN PERSONALLY IDENTIFIABLE INFORMATION], ,San Francisco, ,CA ,[MAY CONTAIN PERSONALLY IDENTIFIABLE INFORMATION], ,Intersection,Dry,No Unusual Conditions,25, ,Dark - Lighted,Y, , , , , , , ,,SUV,No Injuries Reported,Yes,Crossing into Opposing Lane,No,No, , ,Y, , , , , , , , ,Proceeding Straight,No,No,Yes,2, , ,Y, , , , , , , , , , , ,Y, ,Y,Y, , ,No,, ,Yes,, ,, ,, ,Yes, ,"On August [XXX], 2022 at 3:52 AM PST a Waymo Autonomous Vehicle (""Waymo AV"") operating in San Francisco, California was in a collision involving a SUV on [XXX] at [XXX].
The Waymo AV was traveling West on [XXX] and stopped at the stop sign at the intersection with [XXX]. As the Waymo AV slowed to a stop, a SUV traveling in the opposite lane, East on [XXX], crossed the intersection with [XXX] and came to a stop in the opposite lane, next to the Waymo AV. After stopping, the SUV began moving again and the front left corner of the SUV made contact with the left side of the Waymo AV. The SUV then left the scene. At the time of the impact, the Waymo AV's Level 4 ADS was engaged in autonomous mode, and a test driver was present (in the driver's seating position). The Waymo AV sustained damage.
Waymo is reporting this crash under Request No. 2 of Standing General Order 2021-01. Waymo may supplement or correct its reporting with additional information as it may become available.", 
30270-3843,1,Waymo LLC,Monthly,8,2022,Sep-22,SADHW2S19M1, ,N/A,Jaguar,I-Pace, ,2021, ,d486f6b56e17cbc,17214, ,In-Vehicle (Commercial / Test),5th Generation ADS, , ,Yes,ADS,Waymo LLC, , ,Y, , , , , ,,Aug-22, ,Aug-22,18:08, ,e0563b63e1a8347,[MAY CONTAIN PERSONALLY IDENTIFIABLE INFORMATION], ,[MAY CONTAIN PERSONALLY IDENTIFIABLE INFORMATION], ,[MAY CONTAIN PERSONALLY IDENTIFIABLE INFORMATION], ,San Francisco, ,CA ,[MAY CONTAIN PERSONALLY IDENTIFIABLE INFORMATION], ,Street,Dry,No Unusual Conditions,25, ,Daylight,Y, , , , , , , ,,Passenger Car,No Injuries Reported,Yes,Proceeding Straight,No,No, , , , , ,Y, , , , , ,Stopped,No,No,Yes,0, , , , ,Y, , ,Y, , , , , , ,Y, ,Y,Y, , ,No,, ,Yes,, ,, ,, ,Yes, ,"On August [XXX], 2022 at 6:08 PM PST a Waymo Autonomous Vehicle (""Waymo AV"") operating in San Francisco, California was in a collision involving a passenger car on[XXX] near [XXX]. 
The Waymo AV was stopped in traffic in the left-hand lane of [XXX], facing East. The passenger car that had been stopped behind the Waymo AV began moving forward. The front of the passenger car made contact with the rear of the Waymo AV. When the light turned green and traffic began moving, the passenger car left the scene. At the time of the impact, the Waymo AV's Level 4 ADS was engaged in autonomous mode, and a test driver was present (in the driver's seating position). The Waymo AV sustained damage. 
Waymo is reporting this crash under Request No. 2 of Standing General Order 2021-01. Waymo may supplement or correct its reporting with additional information as it may become available.", 
30270-3842,1,Waymo LLC,Monthly,8,2022,Sep-22,SADHW2S1XM1, ,N/A,Jaguar,I-Pace, ,2021, ,39cc9faced8effe,22657, ,None,5th Generation ADS, , ,Yes,ADS,Waymo LLC, , ,Y, , , , , ,,Aug-22, ,Aug-22,17:05, ,72c8ad256e6283a,[MAY CONTAIN PERSONALLY IDENTIFIABLE INFORMATION], ,[MAY CONTAIN PERSONALLY IDENTIFIABLE INFORMATION], ,[MAY CONTAIN PERSONALLY IDENTIFIABLE INFORMATION], ,San Francisco, ,CA ,[MAY CONTAIN PERSONALLY IDENTIFIABLE INFORMATION], ,Intersection,Dry,No Unusual Conditions,25, ,Daylight,Y, , , , , , , ,,SUV,No Injuries Reported,Yes,Proceeding Straight,No,No, , , , , ,Y, , , , , ,Stopped,No,No,Yes,0, ,Y, , ,Y, , , , , , , , , ,Y, ,Y,Y, , ,No,, ,Yes,, ,, ,, ,Yes, ,"On August [XXX], 2022 at 5:05 PM PST a Waymo Autonomous Vehicle (""Waymo AV"") operating in San Francisco, California was in a collision involving an SUV on [XXX] at [XXX].
While approaching a merge onto southbound [XXX] from southbound [XXX], the Waymo AV came to a stop to yield for approaching traffic on the left. While the Waymo AV was stopped, an SUV approached from behind and made contact with the rear bumper of the Waymo AV. At the time of the impact, the Waymo AV's Level 4 ADS was engaged. Both vehicles sustained minor damage.
Waymo is reporting this crash under Request No. 2 of Standing General Order 2021-01. Waymo may supplement or correct its reporting with additional information as it may become available.", 
540-3820,1,"General Motors, LLC",Monthly,8,2022,Sep-22,5G21A6P08L4, ,N/A,Cruise,AV, ,2020, ,a89c78cfdf2ef47,12595, ,In-Vehicle and Remote (Commercial / Test),,Y, ,Yes,ADS,Cruise LLC, , ,Y, ,Y,Y, , ,,Aug-22, ,Aug-22,3:53, ,d827a618d04f24a,[MAY CONTAIN PERSONALLY IDENTIFIABLE INFORMATION], ,[MAY CONTAIN PERSONALLY IDENTIFIABLE INFORMATION], ,[MAY CONTAIN PERSONALLY IDENTIFIABLE INFORMATION], ,San Francisco, ,CA ,[MAY CONTAIN PERSONALLY IDENTIFIABLE INFORMATION], ,Street,Dry,No Unusual Conditions,25, ,Dark - Lighted,Y, , , , , , , ,,Passenger Car,Minor,Yes,Proceeding Straight,No,No, , , , , ,Y, , ,Y, , ,Stopped,No,No,Yes,0, ,Y, , ,Y, , , , , , , ,Y, ,Y, ,Y,Y, , ,Yes,San Francisco Police Department, ,Yes,[MAY CONTAIN PERSONALLY IDENTIFIABLE INFORMATION], ,,Y,,Y,"Unknown, see Narrative", ,"On September [XXX], 2022, GM Cruise Holdings LLC (""Cruise"") filed an Incident Report (the ""Report"") under the Standing General Order 2021-01 dated June 29, 2021 (the ""Order""). General Motors LLC (GM) manufactured the Cruise-operated motor vehicle involved in the incident summarized in the Incident Report. Because GM is also a Reporting Entity under the Order, GM is submitting a duplicate of the redacted public copy of the Report. GM has selected ""Unknown"" in the ""ADS version"" and ""ODD time"" fields solely to avoid a second submission of nonpublic Cruise CBI GM is in possession of Cruise's responses to these fields, and incorporates Cruise's responses into this submission by reference. GM's submission is based on facts supplied to GM by Cruise. GM has not investigated the alleged incident and currently believes, based on a reasonable inquiry, that it has no independent knowledge of the facts in the Report. (Reference file: 30412-3806-1)", 
540-3819,1,"General Motors, LLC",Monthly,8,2022,Sep-22,5G21A6P0XL4, ,N/A,Cruise,AV, ,2020, ,c560f83c137675c,40836, ,In-Vehicle (Commercial / Test),,Y, ,Yes,ADS,Cruise LLC, , ,Y, ,Y,Y, , ,,Aug-22, ,Aug-22,7:04, ,35e10a085af7d4b,[MAY CONTAIN PERSONALLY IDENTIFIABLE INFORMATION], ,[MAY CONTAIN PERSONALLY IDENTIFIABLE INFORMATION], ,[MAY CONTAIN PERSONALLY IDENTIFIABLE INFORMATION], ,San Francisco, ,CA ,[MAY CONTAIN PERSONALLY IDENTIFIABLE INFORMATION], ,Street,Dry,No Unusual Conditions,25, ,Daylight,Y, , , , , , , ,,Passenger Car,No Injuries Reported,Yes,Changing Lanes,No,No, , ,Y, , ,Y, , , , , ,"Other, see Narrative",No,No,Yes,14, ,Y, , ,Y, , , , , , , ,Y, ,Y, ,Y,Y, , ,No,, ,Yes,, ,, ,, ,"Unknown, see Narrative", ,"On September [XXX], 2022, GM Cruise Holdings LLC (""Cruise"") filed an Incident Report (the ""Report"") under the Standing General Order 2021-01 dated June 29, 2021 (the ""Order""). General Motors LLC (GM) manufactured the Cruise-operated motor vehicle involved in the incident summarized in the Incident Report. Because GM is also a Reporting Entity under the Order, GM is submitting a duplicate of the redacted public copy of the Report. GM has selected ""Unknown"" in the ""ADS version"" and ""ODD time"" fields solely to avoid a second submission of nonpublic Cruise CBI GM is in possession of Cruise's responses to these fields, and incorporates Cruise's responses into this submission by reference. GM's submission is based on facts supplied to GM by Cruise. GM has not investigated the alleged incident and currently believes, based on a reasonable inquiry, that it has no independent knowledge of the facts in the Report. (Reference file: 30412-3801-1)", 
30610-3751,1,"Zoox, Inc.",Monthly,8,2022,Sep-22,5TDDCRFH0GS, ,N/A,Toyota,Highlander, ,2016, ,9bdb2d878b5484e,81418, ,In-Vehicle (Commercial / Test),36.22.30.08, , ,Yes,ADS,Zoox Inc., , , , ,Y,Y, , ,,Aug-22, ,Aug-22,21:01, ,a3037ba8b0702a4,[MAY CONTAIN PERSONALLY IDENTIFIABLE INFORMATION], ,[MAY CONTAIN PERSONALLY IDENTIFIABLE INFORMATION], ,[MAY CONTAIN PERSONALLY IDENTIFIABLE INFORMATION], ,San Francisco, ,CA ,[MAY CONTAIN PERSONALLY IDENTIFIABLE INFORMATION], ,Street,Dry,No Unusual Conditions,25, ,Dark - Lighted,Y, , , , , , , ,,Van,No Injuries Reported,Yes,Proceeding Straight,No,No, , , , , , , , ,Y, , ,Stopped,No,No,Yes,0, , , , ,Y, , , , , , , , , ,Y, ,Y, , , ,No,, ,No,, ,, ,, ,Yes, ,"A Zoox vehicle in autonomy was proceeding straight on [XXX] in San Francisco, CA, in stop-and-go traffic. The Zoox vehicle came to a stop for a vehicle ahead when a following van made light contact with the Zoox vehicle's rear bumper from behind. There were no injuries and the police were not called.", 
30412-3806,1,Cruise LLC,Monthly,8,2022,Sep-22,5G21A6P08L4, ,N/A,Cruise,AV, ,2020, ,a89c78cfdf2ef47,12595, ,In-Vehicle and Remote (Commercial / Test),"[REDACTED, MAY CONTAIN CONFIDENTIAL BUSINESS INFORMATION]", ,Y,Yes,ADS,Cruise LLC, , ,Y, ,Y,Y, , ,,Aug-22, ,Aug-22,3:53, ,d827a618d04f24a,[MAY CONTAIN PERSONALLY IDENTIFIABLE INFORMATION], ,[MAY CONTAIN PERSONALLY IDENTIFIABLE INFORMATION], ,[MAY CONTAIN PERSONALLY IDENTIFIABLE INFORMATION], ,San Francisco, ,CA ,[MAY CONTAIN PERSONALLY IDENTIFIABLE INFORMATION], ,Street,Dry,No Unusual Conditions,25, ,Dark - Lighted,Y, , , , , , , ,,Passenger Car,Minor,Yes,Proceeding Straight,No,No, , , , , ,Y, , ,Y, , ,Stopped,No,No,Yes,0, ,Y, , ,Y, , , , , , , ,Y, ,Y, ,Y,Y, , ,Yes,San Francisco Police Department, ,Yes,[MAY CONTAIN PERSONALLY IDENTIFIABLE INFORMATION], ,,Y,,Y,"[REDACTED, MAY CONTAIN CONFIDENTIAL BUSINESS INFORMATION]",Y,"A Cruise autonomous vehicle (""Cruise AV""), operating in supervised autonomous mode, was at a complete stop in response to a red light on eastbound [XXX] at the intersection with [XXX]. A white Honda SUV approaching from the rear in the lane to the left of the Cruise AV changed into the Cruise AV's lane, came to a complete stop behind the Cruise AV, and then proceeded forward to make contact with the rear driver side bumper of the Cruise AV. The white Honda SUV reversed backwards several feet, proceeded forward, came to a complete stop, and then proceeded forward to make contact with the Cruise AV again. This caused damage to the Cruise AV's rear driver side fascia. The driver of the other vehicle left the scene without exchanging information. Both Cruise AV operators reported injuries. [REDACTED, MAY CONTAIN CONFIDENTIAL BUSINESS INFORMATION]",Y
30412-3801,1,Cruise LLC,Monthly,8,2022,Sep-22,5G21A6P0XL4, ,N/A,Cruise,AV, ,2020, ,c560f83c137675c,40836, ,In-Vehicle and Remote (Commercial / Test),"[REDACTED, MAY CONTAIN CONFIDENTIAL BUSINESS INFORMATION]", ,Y,Yes,ADS,Cruise LLC, , ,Y, ,Y,Y, , ,,Aug-22, ,Aug-22,7:04, ,35e10a085af7d4b,[MAY CONTAIN PERSONALLY IDENTIFIABLE INFORMATION], ,[MAY CONTAIN PERSONALLY IDENTIFIABLE INFORMATION], ,[MAY CONTAIN PERSONALLY IDENTIFIABLE INFORMATION], ,San Francisco, ,CA ,[MAY CONTAIN PERSONALLY IDENTIFIABLE INFORMATION], ,Street,Dry,No Unusual Conditions,25, ,Daylight,Y, , , , , , , ,,Passenger Car,No Injuries Reported,Yes,Changing Lanes,No,No, , ,Y, , ,Y, , , , , ,"Other, see Narrative",No,No,Yes,14, ,Y, , ,Y, , , , , , , ,Y, ,Y, ,Y,Y, , ,No,, ,Yes,, ,, ,, ,"[REDACTED, MAY CONTAIN CONFIDENTIAL BUSINESS INFORMATION]",Y,"A Cruise autonomous vehicle (""Cruise AV""), operating in supervised autonomous mode, was traveling southbound on [XXX] between [XXX] and [XXX]. At the same time, a Honda Accord began to merge into the Cruise AV's lane behind the Cruise AV. The Cruise AV braked and, shortly thereafter, the Honda Accord made contact with the Cruise AV, damaging the rear driver side bumper of the Cruise AV. The parties exchanged information and there were no reported injuries. [REDACTED, MAY CONTAIN CONFIDENTIAL BUSINESS INFORMATION]",Y
540-3753,2,"General Motors, LLC",10-Day Update,,,Sep-22,5G21A6P07N4, ,N/A,Cruise,AV, ,2022, ,afb12fabd0488b0,8598, ,In-Vehicle (Commercial / Test),,Y, ,Yes,"Unknown, see Narrative",Cruise LLC, , ,Y, ,Y,Y, , ,,Sep-22, ,Sep-22,18:46, ,7dc63f84ed3a0fb,[MAY CONTAIN PERSONALLY IDENTIFIABLE INFORMATION], ,[MAY CONTAIN PERSONALLY IDENTIFIABLE INFORMATION], ,[MAY CONTAIN PERSONALLY IDENTIFIABLE INFORMATION], ,San Francisco, ,CA ,[MAY CONTAIN PERSONALLY IDENTIFIABLE INFORMATION], ,Street,Dry,No Unusual Conditions,25, ,Daylight,Y, , , , , , , ,,Motorcycle,Minor,Yes,Changing Lanes,Not Applicable,No, , , , , ,Y, , , , , ,Proceeding Straight,No,No,Yes,7, , , , , , , ,Y, , , , ,Y, ,Y,Y,Y,Y, , ,No,, ,Yes,, ,, ,, ,"Unknown, see Narrative", ,"On September [XXX], 2022 GM Cruise Holdings LLC (""Cruise"") filed a 10 day update report to an Incident Report (the ""Report"") under the Standing General Order 2021-01 dated June 29, 2021 (the ""Order""). General Motors LLC (GM) manufactured the Cruise-operated motor vehicle involved in the incident summarized in the Incident Report. Because GM is also a Reporting Entity under the Order, GM is submitting a duplicate of the redacted public copy of the Report. GM has selected ""Unknown"" in the ""ADS version"" and ""ODD time"" fields solely to avoid a second submission of nonpublic Cruise CBI GM is in possession of Cruise's responses to these fields, and incorporates Cruise's responses into this submission by reference. GM's submission is based on facts supplied to GM by Cruise. GM has not investigated the alleged incident and currently believes, based on a reasonable inquiry, that it has no independent knowledge of the facts in the Report. (Reference file: 30412-3748-2)", 
30412-3748,2,Cruise LLC,10-Day Update,,,Sep-22,5G21A6P07N4, ,N/A,Cruise,AV, ,2022, ,afb12fabd0488b0,8598, ,In-Vehicle and Remote (Commercial / Test),"[REDACTED, MAY CONTAIN CONFIDENTIAL BUSINESS INFORMATION]", ,Y,Yes,ADS,Cruise LLC, , ,Y, ,Y,Y, , ,,Sep-22, ,Sep-22,18:46, ,7dc63f84ed3a0fb,[MAY CONTAIN PERSONALLY IDENTIFIABLE INFORMATION], ,[MAY CONTAIN PERSONALLY IDENTIFIABLE INFORMATION], ,[MAY CONTAIN PERSONALLY IDENTIFIABLE INFORMATION], ,San Francisco, ,CA ,[MAY CONTAIN PERSONALLY IDENTIFIABLE INFORMATION], ,Street,Dry,No Unusual Conditions,25, ,Daylight,Y, , , , , , , ,,Motorcycle,Minor,Yes,Changing Lanes,Not Applicable,No, , , , , ,Y, , , , , ,Proceeding Straight,No,No,Yes,7, , , , , , , ,Y, , , , ,Y, ,Y,Y,Y,Y, , ,No,, ,Yes,, ,, ,, ,"[REDACTED, MAY CONTAIN CONFIDENTIAL BUSINESS INFORMATION]",Y,"There are no updates related to this incident since the original submission on September [XXX], 2022. Cruise autonomous vehicle (""Cruise AV""), operating in supervised autonomous mode, was traveling westbound on [XXX] between [XXX] and [XXX]. At the same time, a motorcyclist approaching from the rear began to merge into the Cruise AV's lane behind the Cruise AV, and subsequently made contact with the Cruise AV's rear passenger side bumper, damaging the motorcycle's front fender. The driver of the motorcycle reported minor injuries and police were not called. [REDACTED, MAY CONTAIN CONFIDENTIAL BUSINESS INFORMATION]",Y
30610-3752,2,"Zoox, Inc.",10-Day Update,,,Sep-22,5TDDCRFH1GS, ,N/A,Toyota,Highlander, ,2016, ,2bb8d67435b9951,,Y,In-Vehicle (Commercial / Test),04.22.09.01, , ,Yes,ADS,Zoox, , , , ,Y,Y, , ,,Sep-22, ,Sep-22,11:30, ,1e802a0a2cb0266,[MAY CONTAIN PERSONALLY IDENTIFIABLE INFORMATION], ,[MAY CONTAIN PERSONALLY IDENTIFIABLE INFORMATION], ,[MAY CONTAIN PERSONALLY IDENTIFIABLE INFORMATION], ,San Francisco, ,CA ,[MAY CONTAIN PERSONALLY IDENTIFIABLE INFORMATION], ,Street,Dry,No Unusual Conditions,,Y,Daylight,Y, , , , , , , ,,Non-Motorist: Cyclist,No Injuries Reported,Yes,"Other, see Narrative",,, , , , , , , , , , , ,"Other, see Narrative",No,No,Yes,2, , , , , , , ,Y, , , , , , ,Y, ,Y, , , ,No,, ,No,, ,, ,, ,Yes, ,"A Zoox vehicle in autonomy was slowing for a right turn from [XXX] to [XXX] in San Francisco, CA with its turn indicator and brake lights illuminated, when a following bicyclist struck the rear right corner of the Zoox vehicle. The Zoox vehicle camera bracket was damaged. Police were not called and no injuries were reported. This 10-Day update provides complete information for this incident.", 
30610-3719,2,"Zoox, Inc.",10-Day Update,,,Sep-22,5TDDCRFH3GS, ,N/A,Toyota,Highlander, ,2016, ,2401d351bdc80d9,96912, ,In-Vehicle (Commercial / Test),86.22.08.25, , ,Yes,ADS,Zoox Inc., , , , ,Y,Y, , ,,Aug-22, ,Aug-22,21:20, ,86aa35bdd11ea77,[MAY CONTAIN PERSONALLY IDENTIFIABLE INFORMATION], ,[MAY CONTAIN PERSONALLY IDENTIFIABLE INFORMATION], ,[MAY CONTAIN PERSONALLY IDENTIFIABLE INFORMATION], ,Las Vegas, ,CA ,[MAY CONTAIN PERSONALLY IDENTIFIABLE INFORMATION], ,Parking Lot,Dry,No Unusual Conditions,,Y,Dark - Lighted,Y, , , , , , , ,,Non-Motorist: Pedestrian,No Injuries Reported,Yes,"Other, see Narrative",,, , , , , , , , , , , ,Proceeding Straight,No,No,Yes,2, , , , , , , , , ,Y, , , , ,Y, ,Y, , , ,No,, ,No,, ,, ,, ,Yes, ,"A Zoox vehicle in autonomy was proceeding at approximately 2mph towards an exit of a private hotel driveway in Las Vegas, Nevada when it was struck on its right front fender by two individuals involved in an altercation who had darted out from the side of the roadway. The right front fender of the Zoox vehicle was dented. The two individuals fled the scene and Zoox is not aware of any reported injuries. We question whether this interaction meets the reporting requirements nevertheless, we are submitting this report out of an abundance of caution. This 10-Day update provides complete information for this incident.", 
540-3753,1,"General Motors, LLC",1-Day,,,Sep-22,5G21A6P07N4, ,N/A,Cruise,AV, ,2022, ,afb12fabd0488b0,8598, ,In-Vehicle (Commercial / Test),,Y, ,Yes,"Unknown, see Narrative",Cruise LLC, , ,Y, ,Y,Y, , ,,Sep-22, ,Sep-22,18:46, ,7dc63f84ed3a0fb,[MAY CONTAIN PERSONALLY IDENTIFIABLE INFORMATION], ,[MAY CONTAIN PERSONALLY IDENTIFIABLE INFORMATION], ,[MAY CONTAIN PERSONALLY IDENTIFIABLE INFORMATION], ,San Francisco, ,CA ,[MAY CONTAIN PERSONALLY IDENTIFIABLE INFORMATION], ,Street,Dry,No Unusual Conditions,25, ,Daylight,Y, , , , , , , ,,Motorcycle,Minor,Yes,Changing Lanes,Not Applicable,No, , , , , ,Y, , , , , ,Proceeding Straight,No,No,Yes,7, , , , , , , ,Y, , , , ,Y, ,Y,Y,Y,Y, , ,No,, ,Yes,, ,, ,, ,"Unknown, see Narrative", ,"On Sept [XXX], 2022 GM Cruise Holdings LLC (""Cruise"") filed an Incident Report (the ""Report"") under the Standing General Order 2021-01 dated June 29, 2021 (the ""Order""). General Motors LLC (GM) manufactured the Cruise-operated motor vehicle involved in the incident summarized in the Incident Report. Because GM is also a Reporting Entity under the Order, GM is submitting a duplicate of the redacted public copy of the Report. GM has selected ""Unknown"" in the ""ADS version"" and ""ODD time"" fields solely to avoid a second submission of nonpublic Cruise CBI GM is in possession of Cruise's responses to these fields, and incorporates Cruise's responses into this submission by reference. GM's submission is based on facts supplied to GM by Cruise. GM has not investigated the alleged incident and currently believes, based on a reasonable inquiry, that it has no independent knowledge of the facts in the Report. (Reference file: 30412-3748-1)", 
30610-3752,1,"Zoox, Inc.",1-Day,,,Sep-22,5TDDCRFH1GS, ,N/A,Toyota,Highlander, ,2016, ,2bb8d67435b9951,,Y,In-Vehicle (Commercial / Test),04.22.09.01, , ,Yes,ADS,Zoox, , , , , ,Y, , ,,Sep-22, ,Sep-22,11:30, ,1e802a0a2cb0266,[MAY CONTAIN PERSONALLY IDENTIFIABLE INFORMATION], ,[MAY CONTAIN PERSONALLY IDENTIFIABLE INFORMATION], ,[MAY CONTAIN PERSONALLY IDENTIFIABLE INFORMATION], ,San Francisco, ,CA ,[MAY CONTAIN PERSONALLY IDENTIFIABLE INFORMATION], ,Street,Dry,No Unusual Conditions,,Y,Daylight,Y, , , , , , , ,,Non-Motorist: Cyclist,Unknown,Unknown,"Other, see Narrative",,, , , , , , , , , , , ,"Other, see Narrative",No,No,Yes,2, , , , , , , , , , , ,Y, , ,Y, ,Y, , , ,No,, ,No,, ,, ,, ,Yes, ,"A Zoox vehicle in autonomy was slowing for a right turn from [XXX] to [XXX] in San Francisco, CA with its turn indicator and brake lights illuminated, when a following bicyclist struck the rear right corner of the Zoox vehicle. The Zoox vehicle camera bracket was damaged. Police were not called and no injuries were reported.", 
30412-3748,1,Cruise LLC,1-Day,,,Sep-22,5G21A6P07N4, ,N/A,Cruise,AV, ,2022, ,afb12fabd0488b0,8598, ,In-Vehicle and Remote (Commercial / Test),"[REDACTED, MAY CONTAIN CONFIDENTIAL BUSINESS INFORMATION]", ,Y,Yes,ADS,Cruise LLC, , ,Y, ,Y,Y, , ,,Sep-22, ,Sep-22,18:46, ,7dc63f84ed3a0fb,[MAY CONTAIN PERSONALLY IDENTIFIABLE INFORMATION], ,[MAY CONTAIN PERSONALLY IDENTIFIABLE INFORMATION], ,[MAY CONTAIN PERSONALLY IDENTIFIABLE INFORMATION], ,San Francisco, ,CA ,[MAY CONTAIN PERSONALLY IDENTIFIABLE INFORMATION], ,Street,Dry,No Unusual Conditions,25, ,Daylight,Y, , , , , , , ,,Motorcycle,Minor,Yes,Changing Lanes,Not Applicable,No, , , , , ,Y, , , , , ,Proceeding Straight,No,No,Yes,7, , , , , , , ,Y, , , , ,Y, ,Y,Y,Y,Y, , ,No,, ,Yes,, ,, ,, ,"[REDACTED, MAY CONTAIN CONFIDENTIAL BUSINESS INFORMATION]",Y,"A Cruise autonomous vehicle (""Cruise AV""), operating in supervised autonomous mode, was traveling westbound on [XXX] between [XXX] and [XXX]. At the same time, a motorcyclist approaching from the rear began to merge into the Cruise AV's lane behind the Cruise AV, and subsequently made contact with the Cruise AV's rear passenger side bumper, damaging the motorcycle's front fender. The driver of the motorcycle reported minor injuries and police were not called. [REDACTED, MAY CONTAIN CONFIDENTIAL BUSINESS INFORMATION]",Y
30610-3703,2,"Zoox, Inc.",10-Day Update,,,Sep-22,5TDDCRFH2GS, ,N/A,Toyota,Highlander, ,2019, ,7791e0ea337eaf9,66457, ,In-Vehicle (Commercial / Test),30.22.23.08, , ,Yes,ADS,Zoox Inc., , , , ,Y,Y, , ,,Aug-22, ,Aug-22,17:21, ,e5bfa5112083dd7,[MAY CONTAIN PERSONALLY IDENTIFIABLE INFORMATION], ,[MAY CONTAIN PERSONALLY IDENTIFIABLE INFORMATION], ,[MAY CONTAIN PERSONALLY IDENTIFIABLE INFORMATION], ,Menlo Park, ,CA ,[MAY CONTAIN PERSONALLY IDENTIFIABLE INFORMATION], ,Street,Dry,No Unusual Conditions,30, ,Daylight,Y, , , , , , , ,,Passenger Car,Unknown,Yes,Proceeding Straight,Yes,Unknown, , ,Y, , ,Y, , , , , ,Making Left Turn,No,Yes,Yes,2, , , , ,Y, , ,Y, , , , , , ,Y, ,Y,Y, , ,Unknown,,Y,No,,Y,,Y,,Y,Yes, ,"A Zoox vehicle in autonomy had made a right turn from [XXX]. onto [XXX]. in Menlo Park, CA and was preparing to make an immediate, unprotected left turn onto [XXX]. The Zoox vehicle was slowing and moving at approximately 2 mph with its brake lamps and left turn indicator illuminated, yielding to an oncoming vehicle with the right of way. A following vehicle - traveling at approximately 24 mph - then struck the Zoox vehicle's right rear bumper, and that vehicle's driver airbag appeared to have deployed on impact. The Zoox operator disengaged autonomy, proceeded with the left turn, and pulled over. The following vehicle continued its path of travel, veered out of the lane, and collided with a tree on the left side of the road. The Menlo Park Police Department was called to the scene. Two Zoox operators sustained minor injuries and it is unknown if the driver of the other vehicle sustained injuries.", 
30610-3719,1,"Zoox, Inc.",1-Day,,,Aug-22,5TDDCRFH3GS, ,N/A,Toyota,Highlander, ,2016, ,2401d351bdc80d9,96912, ,In-Vehicle (Commercial / Test),86.22.08.25, , ,Yes,ADS,Zoox Inc., , ,Y, ,Y,Y, , ,,Aug-22, ,Aug-22,21:20, ,86aa35bdd11ea77,[MAY CONTAIN PERSONALLY IDENTIFIABLE INFORMATION], ,[MAY CONTAIN PERSONALLY IDENTIFIABLE INFORMATION], ,[MAY CONTAIN PERSONALLY IDENTIFIABLE INFORMATION], ,Las Vegas, ,CA ,[MAY CONTAIN PERSONALLY IDENTIFIABLE INFORMATION], ,Parking Lot,Dry,No Unusual Conditions,,Y,Dark - Lighted,Y, , , , , , , ,,Non-Motorist: Pedestrian,No Injuries Reported,Yes,"Other, see Narrative",,, , , , , , , , , , , ,Proceeding Straight,No,No,Yes,,Y, , , , , , , , ,Y, , , , ,Y, ,Y, , , ,No,, ,No,, ,, ,, ,Yes, ,"A Zoox vehicle in autonomy was proceeding at approximately 2mph towards an exit of a private hotel driveway in Las Vegas, Nevada when it was struck on its right front fender by two individuals involved in an altercation who had darted out from the side of the roadway. The right front fender of the Zoox vehicle was dented. The two individuals fled the scene and Zoox is not aware of any reported injuries. We question whether this interaction meets the reporting requirements nevertheless, we are submitting this report out of an abundance of caution.", 