Report ID,Report Version,Reporting Entity,Report Type,Report Month,Report Year,Report Submission Date,VIN,VIN - Unknown,Serial Number,Make,Model,Model - Unknown,Model Year,Model Year - Unknown,Same Vehicle ID,Mileage,Mileage - Unknown,Driver / Operator Type,ADAS/ADS Version,ADAS/ADS Version - Unknown,ADAS/ADS Version CBI,ADS Equipped?,Automation System Engaged?,Operating Entity,Operating Entity - Unknown,Source - Complaint/Claim,Source - Telematics,Source - Law Enforcement,Source - Field Report,Source - Testing,Source - Media,Source - Other,Source - Other Text,Incident Date,Incident Date - Unknown,Notice Received Date,Incident Time (24:00),Incident Time - Unknown,Same Incident ID,Latitude,Latitude  - Unknown,Longitude,Longitude - Unknown,Address,Address - Unknown,City,City - Unknown,State,Zip Code,Zip Code - Unknown,Roadway Type,Roadway Surface,Roadway Description,Posted Speed Limit (MPH),Posted Speed Limit - Unknown,Lighting,Weather - Clear,Weather - Snow,Weather - Cloudy,Weather - Fog/Smoke,Weather - Rain,Weather - Severe Wind,Weather - Unknown,Weather - Other,Weather - Other Text,Crash With,Highest Injury Severity,Property Damage?,CP Pre-Crash Movement,CP Any Air Bags Deployed?,CP Was Vehicle Towed?,CP Contact Area - Rear Left,CP Contact Area - Left,CP Contact Area - Front Left,CP Contact Area - Rear,CP Contact Area - Top,CP Contact Area - Front,CP Contact Area - Rear Right,CP Contact Area - Right,CP Contact Area - Front Right,CP Contact Area - Bottom,CP Contact Area - Unknown,SV Pre-Crash Movement,SV Any Air Bags Deployed?,SV Was Vehicle Towed?,SV Were All Passengers Belted?,SV Precrash Speed (MPH),SV Pre-crash Speed - Unknown,SV Contact Area - Rear Left,SV Contact Area - Left,SV Contact Area - Front Left,SV Contact Area - Rear,SV Contact Area - Top,SV Contact Area - Front,SV Contact Area - Rear Right,SV Contact Area - Right,SV Contact Area - Front Right,SV Contact Area - Bottom,SV Contact Area - Unknown,Data Availability - EDR,Data Availability - Police Rpt,Data Availability - Telematics,Data Availability - Complaints,Data Availability - Video,Data Availability - Other,Data Availability - No Data,Data Availability - Unknown,Law Enforcement Investigating?,Investigating Agency,Investigating Agency - Unknown,Rep Ent Or Mfr Investigating?,Investigating Officer Name,Inv. Officer Name - Unknown,Investigating Officer Phone,Inv. Officer Phone - Unknown,Investigating Officer Email,Inv. Officer Email - Unknown,Within ODD?,Within ODD? - CBI,Narrative,Narrative - CBI?
30270-3635,1,Waymo LLC,Monthly,7,2022,Aug-22,SADHW2S15M1, ,N/A,Jaguar,I-Pace, ,2021, ,a4da19aa3243c05,30770, ,In-Vehicle (Commercial / Test),5th Generation ADS, , ,Yes,ADS,Waymo LLC, , ,Y, , , , , ,,Jul-22, ,Jul-22,2:50, ,192521d01c49ce2,[MAY CONTAIN PERSONALLY IDENTIFIABLE INFORMATION], ,[MAY CONTAIN PERSONALLY IDENTIFIABLE INFORMATION], ,[MAY CONTAIN PERSONALLY IDENTIFIABLE INFORMATION], ,San Francisco, ,CA ,[MAY CONTAIN PERSONALLY IDENTIFIABLE INFORMATION], ,Intersection,Dry,No Unusual Conditions,25, ,Dark - Lighted,Y, , , , , , , ,,Passenger Car,No Injuries Reported,Yes,Traveling Wrong Way,No,No, , , , , , , ,Y, , , ,Making Left Turn,No,No,Yes,12, , , ,Y, , , , , , , , , , ,Y, ,Y,Y, , ,No,, ,Yes,, ,, ,, ,Yes, ,"On July [XXX], 2022 at 2:18 AM PST a Waymo Autonomous Vehicle (Waymo AV) operating in San Francisco, California was in a collision involving a passenger car on [XXX] at [XXX].
The Waymo AV was traveling west on [XXX] and preparing to make a left turn onto [XXX] to travel south. A passenger car passed the Waymo AV and the vehicle directly behind the Waymo AV by crossing into and driving in the opposing lane of traffic. As the passenger vehicle passed the Waymo on the left, the right side of the passenger vehicle made contact with the front left corner of the Waymo AV, immediately after which the passenger car left the scene. At the time of impact, the Waymo AVs Level 4 ADS was not engaged and a test driver was operating the Waymo AV in manual mode. The Waymo AV sustained minor damage.
Waymo is reporting this crash under Request No. 2 of Standing General Order 2021-01. Waymo may supplement or correct its reporting with additional information as it may become available. This report was submitted from the Eastern time zone on the required date.", 
30412-3584,1,Cruise LLC,Monthly,7,2022,Aug-22,5G21A6P08L4, ,N/A,Cruise,AV, ,2020, ,5fa6469be776c73,36885, ,Remote (Commercial / Test),"[REDACTED, MAY CONTAIN CONFIDENTIAL BUSINESS INFORMATION]", ,Y,Yes,ADS,Cruise LLC, , ,Y, ,Y, , , ,,Jul-22, ,Jul-22,0:27, ,840c1edd23883ed,[MAY CONTAIN PERSONALLY IDENTIFIABLE INFORMATION], ,[MAY CONTAIN PERSONALLY IDENTIFIABLE INFORMATION], ,[MAY CONTAIN PERSONALLY IDENTIFIABLE INFORMATION], ,San Francisco, ,CA ,[MAY CONTAIN PERSONALLY IDENTIFIABLE INFORMATION], ,Street,Wet,No Unusual Conditions,25, ,Dark - Lighted, , , , ,Y, , , ,,"Other, see Narrative",No Injuries Reported,Yes,Proceeding Straight,No,No, , , , , , , , , , ,Y,Stopped,No,No,No Passengers in Vehicle,0, , , , , , , , , , , ,Y,Y, ,Y, ,Y,Y, , ,Unknown,,Y,No,,Y,,Y,,Y,"[REDACTED, MAY CONTAIN CONFIDENTIAL BUSINESS INFORMATION]",Y,"Cruise is submitting 30412-3584-1 after an allegation was made that a Cruise autonomous vehicle contributed to another vehicle's impact with another road user. A Cruise autonomous vehicle (""""Cruise AV""""), operating in driverless autonomous mode, was traveling southbound on [XXX] between [XXX] and [XXX]. The Cruise AV detected rain and pulled over to the right curb side on [XXX] to complete a safety stop. Two vehicles behind the Cruise AV came to a complete stop without impacting each other or the Cruise vehicle. Shortly thereafter, a third trailing vehicle began to break but made contact with the second vehicle, pushing it forward into the first vehicle. The third vehicle then reversed, traveled backward a few feet, and then proceeded forward again to make contact with the second vehicle again. There were no reported injuries. [REDACTED, MAY CONTAIN CONFIDENTIAL BUSINESS INFORMATION]",Y
30412-3582,1,Cruise LLC,Monthly,7,2022,Aug-22,5G21A6P09L4, ,N/A,Cruise,AV, ,2020, ,c91a9cfc9714292,46105, ,Remote (Commercial / Test),"[REDACTED, MAY CONTAIN CONFIDENTIAL BUSINESS INFORMATION]", ,Y,Yes,ADS,Cruise LLC, , ,Y, ,Y, , , ,,Jul-22, ,Jul-22,1:39, ,de1e4b6864f40ef,[MAY CONTAIN PERSONALLY IDENTIFIABLE INFORMATION], ,[MAY CONTAIN PERSONALLY IDENTIFIABLE INFORMATION], ,[MAY CONTAIN PERSONALLY IDENTIFIABLE INFORMATION], ,San Francisco, ,CA ,[MAY CONTAIN PERSONALLY IDENTIFIABLE INFORMATION], ,Street,Dry,No Unusual Conditions,25, ,Dark - Lighted,Y, , , , , , , ,,Passenger Car,No Injuries Reported,Yes,Passing,No,No, , , , , , , ,Y, , , ,Proceeding Straight,No,No,No Passengers in Vehicle,12, , ,Y, , , , , , , , , ,Y, ,Y, ,Y,Y, , ,Yes,San Francisco Police Department, ,Yes,[MAY CONTAIN PERSONALLY IDENTIFIABLE INFORMATION], ,,Y,,Y,"[REDACTED, MAY CONTAIN CONFIDENTIAL BUSINESS INFORMATION]",Y,"A Cruise autonomous vehicle (""Cruise AV""), operating in driverless autonomous mode, was traveling southbound on [XXX] between [XXX] and [XXX]. At the same time, a red Honda Sedan traveling behind the Cruise AV maneuvered into the oncoming lane and increased speed as it attempted to pass the Cruise AV to the left. Shortly thereafter, contact was made with the Cruise AV's front driver side mirror, damaging the front driver side mirror of the Cruise AV. The driver of the red Honda Sedan left the scene without exchanging information. There were no injuries and a police report was later filed. [REDACTED, MAY CONTAIN CONFIDENTIAL BUSINESS INFORMATION]",Y
30412-3581,1,Cruise LLC,Monthly,7,2022,Aug-22,5G21A6P0XL4, ,N/A,Cruise,AV, ,2020, ,80d271b9f0d3d5c,42248, ,Remote (Commercial / Test),"[REDACTED, MAY CONTAIN CONFIDENTIAL BUSINESS INFORMATION]", ,Y,Yes,ADS,Cruise LLC, , ,Y, ,Y, , , ,,Jul-22, ,Jul-22,22:46, ,80f5e3334587177,[MAY CONTAIN PERSONALLY IDENTIFIABLE INFORMATION], ,[MAY CONTAIN PERSONALLY IDENTIFIABLE INFORMATION], ,[MAY CONTAIN PERSONALLY IDENTIFIABLE INFORMATION], ,San Francisco, ,CA ,[MAY CONTAIN PERSONALLY IDENTIFIABLE INFORMATION], ,Intersection,Dry,No Unusual Conditions,25, ,Dark - Lighted,Y, , , , , , , ,,SUV,No Injuries Reported,Yes,Making Right Turn,No,No, , ,Y, , , , , , , , ,Proceeding Straight,No,No,No Passengers in Vehicle,6, , , , , , , ,Y, , , , ,Y, ,Y, ,Y,Y, , ,Yes,San Francisco Police Department, ,Yes,[MAY CONTAIN PERSONALLY IDENTIFIABLE INFORMATION], ,,Y,,Y,"[REDACTED, MAY CONTAIN CONFIDENTIAL BUSINESS INFORMATION]",Y,"A Cruise autonomous vehicle (""Cruise AV""), operating in driverless autonomous mode, was at a complete stop in response to a stop sign on westbound [XXX] at the intersection with [XXX]. After the Cruise AV began to proceed straight through the intersection, a Toyota FJ Cruiser traveling southbound on [XXX] approached a stop sign in its direction of travel at the intersection with [XXX]. The Toyota FJ Cruiser did not stop for its stop sign and, shortly thereafter, the Toyota FJ Cruiser entered the intersection and made contact with the Cruise AV as the Cruise AV was passing through the intersection, damaging the rear passenger quarter panel of the Cruise AV. The driver of the Toyota FJ Cruiser left the scene without exchanging information. There were no injuries and a police report was later filed. [REDACTED, MAY CONTAIN CONFIDENTIAL BUSINESS INFORMATION]",Y
30412-3580,1,Cruise LLC,Monthly,7,2022,Aug-22,5G21A6P01N4, ,N/A,Cruise,AV, ,2022, ,12a4d02d0edc3a9,2043, ,Remote (Commercial / Test),"[REDACTED, MAY CONTAIN CONFIDENTIAL BUSINESS INFORMATION]", ,Y,Yes,ADS,Cruise LLC, , ,Y, ,Y, , , ,,Jul-22, ,Jul-22,2:57, ,0585384b4e974df,[MAY CONTAIN PERSONALLY IDENTIFIABLE INFORMATION], ,[MAY CONTAIN PERSONALLY IDENTIFIABLE INFORMATION], ,[MAY CONTAIN PERSONALLY IDENTIFIABLE INFORMATION], ,San Francisco, ,CA ,[MAY CONTAIN PERSONALLY IDENTIFIABLE INFORMATION], ,Street,Dry,No Unusual Conditions,25, ,Dark - Lighted,Y, , , , , , , ,,Passenger Car,No Injuries Reported,Yes,Backing,No,No,Y,Y, , , , , , , , , ,Stopped,No,No,No Passengers in Vehicle,0, , , , , , , ,Y,Y, , , ,Y, ,Y, ,Y,Y, , ,Yes,San Francisco Police Department, ,Yes,[MAY CONTAIN PERSONALLY IDENTIFIABLE INFORMATION], ,,Y,,Y,"[REDACTED, MAY CONTAIN CONFIDENTIAL BUSINESS INFORMATION]",Y,"A Cruise autonomous vehicle (""Cruise AV""), operating in driverless autonomous mode, was traveling southbound in the right lane of traffic on [XXX] between [XXX] and [XXX]. The Cruise AV stopped behind and to the left of a Hyundai Elantra that was stopped beside the right curb of [XXX]. The driver was standing beside the Hyundai Elantra with the driver door open into the lane of traffic. The Hyundai Elantra then rolled backwards at an angle and, shortly thereafter, made contact with the Cruise AV, damaging the front passenger door, rear passenger quarter panel, rear passenger bumper, and rear passenger wheel of the Cruise AV. The driver of the Hyundai Elantra left the scene without exchanging information. There were no injuries and a police report was later filed. [REDACTED, MAY CONTAIN CONFIDENTIAL BUSINESS INFORMATION]",Y
30270-3633,1,Waymo LLC,Monthly,7,2022,Aug-22,SADHW2S19M1, ,N/A,Jaguar,I-Pace, ,2021, ,778fffc33261129,34308, ,In-Vehicle (Commercial / Test),5th Generation ADS, , ,Yes,ADS,Waymo LLc, , ,Y, , , , , ,,Jul-22, ,Jul-22,23:23, ,7f5142da0d24ab5,[MAY CONTAIN PERSONALLY IDENTIFIABLE INFORMATION], ,[MAY CONTAIN PERSONALLY IDENTIFIABLE INFORMATION], ,[MAY CONTAIN PERSONALLY IDENTIFIABLE INFORMATION], ,San Francisco, ,CA ,[MAY CONTAIN PERSONALLY IDENTIFIABLE INFORMATION], ,Street,Dry,No Unusual Conditions,35, ,Dark - Lighted,Y, , , , , , , ,,Passenger Car,No Injuries Reported,Yes,Making Right Turn,No,No, , , , , , ,Y, , , , ,Proceeding Straight,No,No,Yes,9, , , ,Y, , , , , , , , , , ,Y, ,Y,Y, , ,No,, ,Yes,, ,, ,, ,Yes, ,"On July [XXX], 2022 at 11:23 PM PST a Waymo Autonomous Vehicle (Waymo AV) operating in San Francisco, California was in a collision involving a passenger car on [XXX] at [XXX].
The Waymo AV was traveling north on [XXX] in the rightmost lane when a passenger car approached the Waymo AV from behind on the left. Just after passing the Waymo AV, the passenger car veered across the path of the Waymo AV into the entrance of a gas station on the right hand side of the roadway. The right rear corner of the passenger vehicle made contact with the front left corner of the Waymo AV, immediately after which the passenger car left the scene.
At the time of the impact, the Waymo AVs Level 4 ADS was not engaged and a test driver was operating the Waymo AV in manual mode. The Waymo AV sustained minor damage.
Waymo is reporting this crash under Request No. 2 of Standing General Order 2021-01. Waymo may supplement or correct its reporting with additional information as it may become available. This report was submitted from the Eastern time zone on the required date.", 
30270-3628,1,Waymo LLC,Monthly,7,2022,Aug-22,SADHW2S1XM1, ,N/A,Jaguar,I-Pace, ,2021, ,b5c25ec17ea8588,23628, ,In-Vehicle (Commercial / Test),5th Generation ADS, , ,Yes,ADS,Waymo LLC, , ,Y, , , , , ,,Jul-22, ,Jul-22,6:54, ,77b0e0470ca0a8a,[MAY CONTAIN PERSONALLY IDENTIFIABLE INFORMATION], ,[MAY CONTAIN PERSONALLY IDENTIFIABLE INFORMATION], ,[MAY CONTAIN PERSONALLY IDENTIFIABLE INFORMATION], ,San Francisco, ,CA ,[MAY CONTAIN PERSONALLY IDENTIFIABLE INFORMATION], ,Intersection,Dry,No Unusual Conditions,30, ,Daylight,Y, , , , , , , ,,Passenger Car,Minor,Yes,Proceeding Straight,No,No, , ,Y, , ,Y, , ,Y, , ,Stopped,No,No,Yes,0, , , , ,Y, , ,Y, , , , , , ,Y, ,Y,Y, , ,No,, ,Yes,, ,, ,, ,Yes, ,"On July [XXX], 2022 at 6:54 AM PST a Waymo Autonomous Vehicle (Waymo AV) operating in San Francisco, California was in a collision involving a passenger car on the [XXX] at [XXX]. 
The Waymo AV was stopped in the dedicated left turn lane facing north on the [XXX], awaiting a green signal for a protected left turn onto [XXX]. The signal for traffic proceeding north on the [XXX] turned green, and traffic in adjacent lanes began moving. The left turn arrow signal for the dedicated turn lane occupied by the Waymo AV remained red. The passenger car that had been stopped directly behind the Waymo AV began moving forward. The front of the passenger car made contact with the rear of the Waymo AV, immediately after which the passenger car left the scene.
At the time of the impact, the Waymo AVs Level 4 ADS was engaged in autonomous mode, and a test driver was present (in the drivers seating position). The Waymo AV sustained minor damage and the Waymo AV test driver reported lower back pain.
Waymo is reporting this crash under Request No. 2 of Standing General Order 2021-01. Waymo may supplement or correct its reporting with additional information as it may become available. This report was submitted from the Eastern time zone on the required date.", 
30270-3625,1,Waymo LLC,Monthly,7,2022,Aug-22,SADHW2S1XM1, ,N/A,Jaguar,I-Pace, ,2021, ,8110795f6daf529,21943, ,In-Vehicle (Commercial / Test),5th Generation ADS, , ,Yes,ADS,Waymo LLC, , ,Y, , , , , ,,Jul-22, ,Jul-22,10:08, ,f9f2c224be8a261,[MAY CONTAIN PERSONALLY IDENTIFIABLE INFORMATION], ,[MAY CONTAIN PERSONALLY IDENTIFIABLE INFORMATION], ,[MAY CONTAIN PERSONALLY IDENTIFIABLE INFORMATION], ,San Francisco, ,CA ,[MAY CONTAIN PERSONALLY IDENTIFIABLE INFORMATION], ,Parking Lot,Dry,No Unusual Conditions,15, ,Daylight, , , , , , ,Y, ,,Van,No Injuries Reported,Yes,Making Left Turn,No,No,Y, , , , , , , , , , ,Stopped,No,No,Yes,0, ,Y, , , , , , , , , , , , ,Y, ,Y,Y, , ,No,, ,Yes,, ,, ,, ,Yes, ,"On July [XXX], 2022 at 10:08 AM PST a Waymo Autonomous Vehicle (""Waymo AV"") operating in San Francisco, California was in a collision involving a van in a parking lot near [XXX] at [XXX].
The Waymo AV came to a stop while yielding for an oncoming van in a narrow passageway in a parking lot. While attempting to pass the Waymo AV, the van made contact with the sensor housing on the left rear of the Waymo AV. At the time of the impact, the Waymo AV's Level 4 ADS was stationary and engaged in autonomous mode, and a test driver was present (in the driver's seating position). Both vehicles sustained minor damage.
Waymo is reporting this crash under Request No. 2 of Standing General Order 2021-01. Waymo may supplement or correct its reporting with additional information as it may become available. This report was submitted from the Eastern time zone on the required date.", 
30531-3626,1,Transdev Alternative Services,1-Day,,,Aug-22,SADHW2S10M1, ,N/A,Jaguar,I-Pace, ,2021, ,3d7a03e316ec104,33977, ,In-Vehicle (Commercial / Test),5th Generation ADS, , ,Yes,ADS,Waymo LLC, , ,Y, , , , , ,,Aug-22, ,Aug-22,3:09, ,9be5431de5dfbd1,[MAY CONTAIN PERSONALLY IDENTIFIABLE INFORMATION], ,[MAY CONTAIN PERSONALLY IDENTIFIABLE INFORMATION], ,[MAY CONTAIN PERSONALLY IDENTIFIABLE INFORMATION], ,San Francisco, ,CA ,[MAY CONTAIN PERSONALLY IDENTIFIABLE INFORMATION], ,Intersection,Dry,No Unusual Conditions,25, ,Dark - Lighted,Y, , , , , , , ,,SUV,No Injuries Reported,Yes,Proceeding Straight,No,Unknown, , ,Y, , ,Y, , ,Y, , ,Proceeding Straight,No,Yes,Yes,1, ,Y, , ,Y, , ,Y, , , , , , ,Y, ,Y,Y, , ,No,, ,Yes,, ,, ,, ,Yes, ,"On August [XXX], 2022 at 3:09 AM PST a Waymo Autonomous Vehicle (""Waymo AV"") operating in San Francisco, CA was in a collision involving an SUV on [XXX] at [XXX].
The Waymo AV was traveling eastbound on [XXX] in autonomous mode when it slowed for a stop sign on [XXX].  As the Waymo AV slowed to almost.a complete stop, an SUV made contact with the rear of the Waymo AV.  At the time of the impact, the Waymo AV's level 4 ADS was engaged in autonomous mode, and a test driver was present (in the driver's seating position).  Both vehicles sustained damage.
Transdev Alternative Services is reporting this crash under Request No. 1 of Standing General Order 2021-01 because a vehicle involved was towed away.  Transdev may supplement or correct its reporting with additional information as it may become available.  This report is a duplicate of report ID WaymoLLC-202208[XXX]-0 (rev.202208[XXX]).", 
30610-3508,1,"Zoox, Inc.",Monthly,7,2022,Aug-22,5TDDCRFHXGS, ,N/A,Toyota,Highlander, ,2016, ,39dfd67295f44eb,41402, ,In-Vehicle (Commercial / Test),10.22.22.07, , ,Yes,ADS,Zoox, , , , , ,Y, , ,,Jul-22, ,Jul-22,14:30, ,6cbdeb64bd4bc64,[MAY CONTAIN PERSONALLY IDENTIFIABLE INFORMATION], ,[MAY CONTAIN PERSONALLY IDENTIFIABLE INFORMATION], ,[MAY CONTAIN PERSONALLY IDENTIFIABLE INFORMATION], ,San Francisco, ,CA ,[MAY CONTAIN PERSONALLY IDENTIFIABLE INFORMATION], ,Intersection,Dry,No Unusual Conditions,25, ,Daylight,Y, , , , , , , ,,Passenger Car,Unknown,Yes,Making Left Turn,Unknown,Unknown, , ,Y, , , , , , , , ,Proceeding Straight,No,No,Yes,1, , , , ,Y, , , , , , , , , ,Y, ,Y, , , ,No,, ,No,, ,, ,, ,Yes, ,"A Zoox vehicle in autonomy was proceeding straight on [XXX] in San Francisco, Ca when a passenger vehicle turning left from [XXX] on to [XXX] struck the rear of the Zoox vehicle damaging the sensors. There were no injuries and the police were not called.", 
30270-3595,1,Waymo LLC,1-Day,,,Aug-22,SADHW2S10M1, ,N/A,Jaguar,I-Pace, ,2021, ,3d7a03e316ec104,33977, ,In-Vehicle (Commercial / Test),5th Generation ADS, , ,Yes,ADS,Waymo LLC, , ,Y, , , , , ,,Aug-22, ,Aug-22,3:09, ,9be5431de5dfbd1,[MAY CONTAIN PERSONALLY IDENTIFIABLE INFORMATION], ,[MAY CONTAIN PERSONALLY IDENTIFIABLE INFORMATION], ,[MAY CONTAIN PERSONALLY IDENTIFIABLE INFORMATION], ,San Francisco, ,CA ,[MAY CONTAIN PERSONALLY IDENTIFIABLE INFORMATION], ,Intersection,Dry,No Unusual Conditions,25, ,Dark - Lighted,Y, , , , , , , ,,SUV,No Injuries Reported,Yes,Proceeding Straight,No,Unknown, , ,Y, , ,Y, , ,Y, , ,Proceeding Straight,No,Yes,Yes,1, ,Y, , ,Y, , ,Y, , , , , , ,Y, ,Y,Y, , ,No,, ,Yes,, ,, ,, ,Yes, ,"On August [XXX], 2022 at 03:09 AM PST a Waymo Autonomous Vehicle (Waymo AV) operating in San Francisco, CA was in a collision involving an SUV on [XXX] at [XXX]. 
The Waymo AV was traveling eastbound on [XXX] in autonomous mode when it slowed for a stop sign on [XXX]. As the Waymo AV slowed to almost a complete stop, an SUV made contact with the rear of the Waymo AV. At the time of the impact, the Waymo AVs Level 4 ADS was engaged in autonomous mode, and a test driver was present (in the drivers seating position). Both vehicles sustained damage.
Waymo is reporting this crash under Request No. 1 of Standing General Order 2021-01 because a vehicle involved was towed away. Waymo may supplement or correct its reporting with additional information as it may become available. This report was submitted from the Eastern time zone on the required date.", 
28349-3493,2,"Lucid USA, Inc.",10-Day Update,,,Aug-22,50EA1DAA6NA, ,[MAY CONTAIN PERSONALLY IDENTIFIABLE INFORMATION],Lucid,Dream, ,2022, ,a878f826cd577d9,177751, ,In-Vehicle (Commercial / Test),Level 2, , ,Yes,ADAS,Formel D  (Independent Contractor Entity), , ,Y, , ,Y, ,Y,Written statement of driver.,Jul-22, ,Jul-22,3:58, ,9f8c9085bb42640,[MAY CONTAIN PERSONALLY IDENTIFIABLE INFORMATION], ,[MAY CONTAIN PERSONALLY IDENTIFIABLE INFORMATION], ,,Y,Belmont, ,CA ,[MAY CONTAIN PERSONALLY IDENTIFIABLE INFORMATION], ,Highway / Freeway,Dry,No Unusual Conditions,,Y,Dark - Lighted,Y, , , , , , , ,,Passenger Car,No Injuries Reported,No,"Other, see Narrative",Not Applicable,Not Applicable, , , , , , , , , , ,Y,Lane / Road Departure,No,Yes,Yes,70, ,Y, ,Y, , , , , , , , , , ,Y, ,Y,Y, , ,No,, ,Yes,, ,, ,, ,"[REDACTED, MAY CONTAIN CONFIDENTIAL BUSINESS INFORMATION]",Y,"Subject Vehicle is a Lucid-owned vehicle used by Lucid employees and contract drivers to test and validate ADAS features under development by Lucid. The Subject Vehicle included Lucid ""Highway Assist"" (HWA) which is Level 2 ADAS technology under development by Lucid in collaboration with its suppliers. The HWA function combines lane-keeping and Adaptive Cruise Control (ACC), but is not yet available on vehicles that Lucid sells to the public. As a Level 2 technology, HWA requires the attention of the driver at all times and is not expected to avoid all accidents.
 
On 7/[XXX]/2022 at approximately 3:58 am, a contract test driver was driving a Lucid Air northbound on [XXX] at approximately 70 MPH. The driver reported that he engaged HWA and subsequently ""blacked out, passed out, or fainted."" The driver's supervisor initially reported that the driver fell asleep. The driver reported that he has not sought medical attention following the incident. Telemetered data confirms engagement of HWA and indicates that the driver imparted sufficient torque on the steering wheel to override HWA. When HWA is overridden, it no longer provides lane-keeping and ACC remains active. Approximately 15 seconds later, the vehicle drifted out of its lane and impacted its left side against the roadside barrier on the left side of the road. The driver awoke after the impact and brought the vehicle to a stop on the side of the freeway. Lucid roadside assistance was contacted to tow the vehicle. No airbags deployed. There were no other vehicles or people involved in this accident and the driver was not harmed.",Y
28349-3493,1,"Lucid USA, Inc.",1-Day,,,Jul-22,,Y,,Lucid,Dream, ,2022, , ,177751, ,In-Vehicle (Commercial / Test),Level 2, , ,Yes,ADAS,Marcel Vincent-Casiano  (Lucid Independent Contractor), , ,Y, , ,Y, ,Y,Written statement of driver.,Jul-22, ,Jul-22,3:58, , ,[MAY CONTAIN PERSONALLY IDENTIFIABLE INFORMATION], ,[MAY CONTAIN PERSONALLY IDENTIFIABLE INFORMATION], ,,Y,Belmont, ,CA ,[MAY CONTAIN PERSONALLY IDENTIFIABLE INFORMATION], ,Highway / Freeway,Dry,No Unusual Conditions,,Y,Dark - Lighted,Y, , , , , , , ,,Passenger Car,No Injuries Reported,No,"Other, see Narrative",Not Applicable,Not Applicable, , , , , , , , , , ,Y,Lane / Road Departure,No,Yes,Yes,70, ,Y, ,Y, , , , , , , , , , ,Y, , ,Y, , ,No,, ,Yes,, ,, ,, ,"[REDACTED, MAY CONTAIN CONFIDENTIAL BUSINESS INFORMATION]",Y,"Subject Vehicle is a Lucid-owned vehicle used by Lucid employees and contract drivers to test and validate ADAS features under development by Lucid. The Subject Vehicle included Lucid ""Highway Assist"" (HWA) which is Level 2 ADAS technology under development by Lucid in collaboration with its suppliers. The HWA function combines lane-keeping and Adaptive Cruise Control (ACC), but is not yet available on vehicles that Lucid sells to the public. As a Level 2 technology, HWA requires the attention of the driver at all times and is not expected to avoid all accidents.
 
On 7/[XXX]/2022 at approximately 3:58 am, a contract test driver was driving a Lucid Air northbound on [XXX] at 70 MPH. The driver reported that he engaged HWA and subsequently fell asleep. Telemetered data confirms engagement of HWA and indicates that the driver imparted sufficient torque on the steering wheel to override HWA. When HWA is overridden, it no longer provides lane-keeping and ACC remains active. Approximately 15 seconds later, the vehicle drifted out of its lane and impacted its left side against the roadside barrier on the left side of the road. The driver awoke after the impact and brought the vehicle to a stop on the side of the freeway. Lucid roadside assistance was contacted to tow the vehicle. No airbags deployed. There were no other vehicles or people involved in this accident and the driver was not harmed.",Y
30531-3446,1,Transdev Alternative Services,Monthly,6,2022,Jul-22,SADHW2S19M1, ,N/A,Jaguar,I-Pace, ,2021, ,1f1e378b74b2187,24352, ,In-Vehicle (Commercial / Test),5th Generation ADS, , ,Yes,ADS,Waymo LLC, , ,Y, , , , , ,,Jun-22, ,Jun-22,10:07, ,e6e94b9e10d5c39,[MAY CONTAIN PERSONALLY IDENTIFIABLE INFORMATION], ,[MAY CONTAIN PERSONALLY IDENTIFIABLE INFORMATION], ,[MAY CONTAIN PERSONALLY IDENTIFIABLE INFORMATION], ,San Francisco, ,CA ,[MAY CONTAIN PERSONALLY IDENTIFIABLE INFORMATION], ,Street,Wet,No Unusual Conditions,25, ,Daylight, , , , ,Y, , , ,,Passenger Car,No Injuries Reported,Yes,Backing,No,No,Y, , , , , , , , , , ,Stopped,No,No,Yes,0, , , , , , ,Y, , , , , , , ,Y, ,Y,Y, , ,No,, ,Yes,, ,, ,, ,Yes, ,"On June [XXX], 2022 at 10:07 AM PST a Waymo Autonomous Vehicle (Waymo AV) operating in San Francisco, California was in a collision involving a passenger vehicle on [XXX] and [XXX].
The Waymo AV was stopped in autonomous mode behind stopped traffic facing east on [XXX]. The passenger vehicle ahead of the Waymo AV transitioned into reverse and began to accelerate, making contact with the front sensor of the Waymo AV. At the time of the impact, the Waymo AVs Level 4 ADS was engaged in autonomous mode, and a test driver was present (in the drivers seating position). Both vehicles sustained minor damage.
Transdev Alternative Services is reporting this crash under Request No. 2 of Standing General Order 2021-01. Transdev may supplement or correct its reporting with additional information as it may become available. This report is a duplicate of WaymoLLC-[XXX]", 
30531-3445,1,Transdev Alternative Services,Monthly,6,2022,Jul-22,SADHW2S12M1, ,N/A,Jaguar,I-Pace, ,2021, ,400295965fa177c,18090, ,In-Vehicle (Commercial / Test),5th Generation ADS, , ,Yes,ADS,Waymo LLC, , ,Y, , , , , ,,Jun-22, ,Jun-22,7:26, ,9c542b98eb35e88,[MAY CONTAIN PERSONALLY IDENTIFIABLE INFORMATION], ,[MAY CONTAIN PERSONALLY IDENTIFIABLE INFORMATION], ,[MAY CONTAIN PERSONALLY IDENTIFIABLE INFORMATION], ,San Francisco, ,CA ,[MAY CONTAIN PERSONALLY IDENTIFIABLE INFORMATION], ,Intersection,Dry,No Unusual Conditions,25, ,Daylight,Y, , , , , , , ,,Pickup Truck,No Injuries Reported,Yes,Proceeding Straight,No,No, , ,Y, , ,Y, , ,Y, , ,Stopped,No,No,Yes,0, ,Y, , ,Y, , ,Y, , , , , , ,Y, ,Y,Y, , ,No,, ,Yes,, ,, ,, ,Yes, ,"On June [XXX], 2022 at 7:26 AM PST a Waymo Autonomous Vehicle (Waymo AV) operating in San Francisco, California was in a collision involving a pickup on [XXX] at [XXX].
While the Waymo AV was stopped at a red light on eastbound [XXX], a pickup that had previously been stopped behind the Waymo AV rolled forward and made contact with the rear of the Waymo AV. At the time of the impact, the Waymo AVs Level 4 ADS was engaged in autonomous mode, and a test driver was present (in the drivers seating position). The Waymo AV sustained minor damage.
Transdev Alternative Services is reporting this crash under Request No. 2 of Standing General Order 2021-01. Transdev may supplement or correct its reporting with additional information as it may become available. This report is a duplicate of WaymoLLC-[XXX]", 