Report ID,Report Version,Reporting Entity,Report Type,Report Month,Report Year,Report Submission Date,VIN,VIN - Unknown,Serial Number,Make,Model,Model - Unknown,Model Year,Model Year - Unknown,Same Vehicle ID,Mileage,Mileage - Unknown,Driver / Operator Type,ADAS/ADS Version,ADAS/ADS Version - Unknown,ADAS/ADS Version CBI,ADS Equipped?,Automation System Engaged?,Operating Entity,Operating Entity - Unknown,Source - Complaint/Claim,Source - Telematics,Source - Law Enforcement,Source - Field Report,Source - Testing,Source - Media,Source - Other,Source - Other Text,Incident Date,Incident Date - Unknown,Notice Received Date,Incident Time (24:00),Incident Time - Unknown,Same Incident ID,Latitude,Latitude  - Unknown,Longitude,Longitude - Unknown,Address,Address - Unknown,City,City - Unknown,State,Zip Code,Zip Code - Unknown,Roadway Type,Roadway Surface,Roadway Description,Posted Speed Limit (MPH),Posted Speed Limit - Unknown,Lighting,Weather - Clear,Weather - Snow,Weather - Cloudy,Weather - Fog/Smoke,Weather - Rain,Weather - Severe Wind,Weather - Unknown,Weather - Other,Weather - Other Text,Crash With,Highest Injury Severity,Property Damage?,CP Pre-Crash Movement,CP Any Air Bags Deployed?,CP Was Vehicle Towed?,CP Contact Area - Rear Left,CP Contact Area - Left,CP Contact Area - Front Left,CP Contact Area - Rear,CP Contact Area - Top,CP Contact Area - Front,CP Contact Area - Rear Right,CP Contact Area - Right,CP Contact Area - Front Right,CP Contact Area - Bottom,CP Contact Area - Unknown,SV Pre-Crash Movement,SV Any Air Bags Deployed?,SV Was Vehicle Towed?,SV Were All Passengers Belted?,SV Precrash Speed (MPH),SV Pre-crash Speed - Unknown,SV Contact Area - Rear Left,SV Contact Area - Left,SV Contact Area - Front Left,SV Contact Area - Rear,SV Contact Area - Top,SV Contact Area - Front,SV Contact Area - Rear Right,SV Contact Area - Right,SV Contact Area - Front Right,SV Contact Area - Bottom,SV Contact Area - Unknown,Data Availability - EDR,Data Availability - Police Rpt,Data Availability - Telematics,Data Availability - Complaints,Data Availability - Video,Data Availability - Other,Data Availability - No Data,Data Availability - Unknown,Law Enforcement Investigating?,Investigating Agency,Investigating Agency - Unknown,Rep Ent Or Mfr Investigating?,Investigating Officer Name,Inv. Officer Name - Unknown,Investigating Officer Phone,Inv. Officer Phone - Unknown,Investigating Officer Email,Inv. Officer Email - Unknown,Within ODD?,Within ODD? - CBI,Narrative,Narrative - CBI?
30531-3227,1,Transdev Alternative Services,Monthly,5,2021,Jun-22,SADHW2S1XM1, ,N/A,Jaguar,I-Pace, ,2021, ,4c109ee6f767a49,14770, ,In-Vehicle and Remote (Commercial / Test),5th Generation ADS, , ,Yes,ADS,Waymo LLC, , ,Y, , , , , ,,May-22, ,May-22,13:26, ,922887c7b03509c,[MAY CONTAIN PERSONALLY IDENTIFIABLE INFORMATION], ,[MAY CONTAIN PERSONALLY IDENTIFIABLE INFORMATION], ,[MAY CONTAIN PERSONALLY IDENTIFIABLE INFORMATION], ,San Francisco, ,CA ,[MAY CONTAIN PERSONALLY IDENTIFIABLE INFORMATION], ,Intersection,Dry,No Unusual Conditions,25, ,Daylight,Y, , , , , , , ,,Passenger Car,No Injuries Reported,Yes,Proceeding Straight,No,No, , , , , , , , ,Y, , ,Making Left Turn,No,No,Yes,1, , , , ,Y, , , , , , , , , ,Y, ,Y,Y, , ,No,, ,Yes,, ,, ,, ,Yes, ,"On May [XXX], 2022 at 1:26 PM PST a Waymo Autonomous Vehicle (""Waymo AV"") operating in San Francisco, California was in a collision involving a passenger car on [XXX] at [XXX]. The Waymo AV was proceeding south on [XXX] in autonomous mode, and preparing to make a left turn onto [XXX]. As the Waymo AV entered the intersection, it slowed to yield to northbound traffic on [XXX]. A passenger car approached from behind and made contact with the rear of the Waymo AV. At the time of the impact, the Waymo AV's Level 4 ADS was engaged in autonomous mode, and a test driver was present (in the driver's seating position). Both vehicles sustained minor damage. Transdev Alternative Services is reporting this crash under Request No. 2 of Standing General Order 2021-01. Transdev may supplement or correct its reporting with additional information as it may become available. This report is a duplicate to WaymoLLC-2022[XXX]-0 (rev.20220615[XXX])", 
30531-3226,1,Transdev Alternative Services,Monthly,5,2022,Jun-22,SADHW2S16M1, ,N/A,Jaguar,I-Pace, ,2021, ,ff8de7fa92c0d5e,25651, ,In-Vehicle (Commercial / Test),5th Generation ADS, , ,Yes,ADS,Waymo LLC, , ,Y, , , , , ,,May-22, ,May-22,9:19, ,d3012e172ec954c,[MAY CONTAIN PERSONALLY IDENTIFIABLE INFORMATION], ,[MAY CONTAIN PERSONALLY IDENTIFIABLE INFORMATION], ,[MAY CONTAIN PERSONALLY IDENTIFIABLE INFORMATION], ,San Francisco, ,CA ,[MAY CONTAIN PERSONALLY IDENTIFIABLE INFORMATION], ,Intersection,Dry,No Unusual Conditions,25, ,Daylight,Y, , , , , , , ,,SUV,No Injuries Reported,Yes,Proceeding Straight,No,No, , , , , , , , , , ,Y,Making Right Turn,No,No,Yes,0, ,Y, , , , , , , , , , , , ,Y, ,Y, , , ,No,, ,Yes,, ,, ,, ,Yes, ," On May [XXX], 2022 at 9:19 AM PST a Waymo Autonomous Vehicle (Waymo AV) operating in San Francisco, California was in a collision involving a SUV on [XXX] and [XXX].
The Waymo AV was attempting to make a right turn from [XXX] and [XXX].
 while yielding to a pedestrian in the adjacent crosswalk in autonomous mode. A SUV approaching from behind the Waymo AV passed on the left side, making contact with the Waymo AVs rear left sensor housing. The Waymo AV operator transitioned the system from autonomous to manual mode just before the moment of impact. The SUV immediately left the scene. At the time of the impact, the Waymo AVs Level 4 ADS was not engaged and a test driver was operating the Waymo AV in manual mode. The Waymo AV sustained minor damage.
Transdev Alternative Services is reporting this crash under Request No. 2 of Standing General Order 2021-01. Transdev may supplement or correct its reporting with additional information as it may become available. This report is a duplicate of WaymoLLC-[XXX].", 
30531-3225,1,Transdev Alternative Services,Monthly,5,2022,Jun-22,SADHW2S11M1, ,N/A,Jaguar,I-Pace, ,2021, ,8d1fad62a288528,16393, ,In-Vehicle (Commercial / Test),5th Generation ADS, , ,Yes,ADS,Waymo LLC, , ,Y, , , , , ,,May-22, ,May-22,13:26, ,d91c576aa55da63,[MAY CONTAIN PERSONALLY IDENTIFIABLE INFORMATION], ,[MAY CONTAIN PERSONALLY IDENTIFIABLE INFORMATION], ,[MAY CONTAIN PERSONALLY IDENTIFIABLE INFORMATION], ,San Francisco, ,CA ,[MAY CONTAIN PERSONALLY IDENTIFIABLE INFORMATION], ,Intersection,Dry,No Unusual Conditions,35, ,Daylight,Y, , , , , , , ,,Pickup Truck,No Injuries Reported,Yes,Proceeding Straight,No,No, , ,Y, , , , , , , , ,Stopped,No,No,Yes,0, , , , , , , ,Y, , , , , , ,Y, ,Y,Y, , ,No,, ,Yes,, ,, ,, ,Yes, ," On May [XXX], 2022 at 1:26 PM PST a Waymo Autonomous Vehicle (Waymo AV) operating in San Francisco, California was in a collision involving a pickup truck at the northbound merge lane on the 100 block of [XXX]. 
While attempting a merge onto northbound [XXX] 
 from southbound [XXX] from southbound [XXX], the Waymo AV came to a stop to yield for approaching traffic on the right. While stopped, a pickup truck approached from behind and made contact with the rear bumper of the Waymo AV. At the time of the impact, the Waymo AVs Level 4 ADS was engaged in autonomous mode, and a test driver was present (in the drivers seating position). The Waymo AV sustained minor damage.
Transdev Alternative Services is reporting this crash under Request No. 2 of Standing General Order 2021-01. Transdev may supplement or correct its reporting with additional information as it may become available. This report is a duplicate to WaymoLLC-[XXX].", 
30270-3221,1,Waymo LLC,Monthly,5,2022,Jun-22,SADHW2S1XM1, ,N/A,Jaguar,I-Pace, ,2021, ,4c109ee6f767a49,14770, ,In-Vehicle (Commercial / Test),5th Generation ADS, , ,Yes,ADS,Waymo LLC, , ,Y, , , , , ,,May-22, ,May-22,13:26, ,922887c7b03509c,[MAY CONTAIN PERSONALLY IDENTIFIABLE INFORMATION], ,[MAY CONTAIN PERSONALLY IDENTIFIABLE INFORMATION], ,[MAY CONTAIN PERSONALLY IDENTIFIABLE INFORMATION], ,San Francisco, ,CA ,[MAY CONTAIN PERSONALLY IDENTIFIABLE INFORMATION], ,Intersection,Dry,No Unusual Conditions,25, ,Daylight,Y, , , , , , , ,,Passenger Car,No Injuries Reported,Yes,Proceeding Straight,No,No, , , , , , , , ,Y, , ,Making Left Turn,No,No,Yes,1, , , , ,Y, , , , , , , , , ,Y, ,Y,Y, , ,No,, ,Yes,, ,, ,, ,Yes, ," On May [XXX], 2022 at 1:26 PM PST a Waymo Autonomous Vehicle (Waymo AV) operating in San Francisco, California was in a collision involving a passenger car on [XXX] at [XXX].
The Waymo AV was proceeding south on [XXX] at [XXX].
, [XXX] in autonomous mode, and preparing to make a left turn onto [XXX]. As the Waymo AV entered the intersection, it slowed to yield to northbound traffic on [XXX]. A passenger car approached from behind and made contact with the rear of the Waymo AV. At the time of the impact, the Waymo AVs Level 4 ADS was engaged in autonomous mode, and a test driver was present (in the drivers seating position). Both vehicles sustained minor damage.
Waymo is reporting this crash under Request No. 2 of Standing General Order 2021-01. Waymo may supplement or correct its reporting with additional information as it may become available. This report was submitted from the Pacific time zone on the required date.", 
30270-3220,1,Waymo LLC,Monthly,5,2022,Jun-22,SADHW2S16M1, ,N/A,Jaguar,I-Pace, ,2021, ,ff8de7fa92c0d5e,25651, ,In-Vehicle (Commercial / Test),5th Generation ADS, , ,Yes,ADS,Waymo LLC, , ,Y, , , , , ,,May-22, ,May-22,9:19, ,d3012e172ec954c,[MAY CONTAIN PERSONALLY IDENTIFIABLE INFORMATION], ,[MAY CONTAIN PERSONALLY IDENTIFIABLE INFORMATION], ,[MAY CONTAIN PERSONALLY IDENTIFIABLE INFORMATION], ,San Francisco, ,CA ,[MAY CONTAIN PERSONALLY IDENTIFIABLE INFORMATION], ,Intersection,Dry,No Unusual Conditions,25, ,Daylight,Y, , , , , , , ,,SUV,No Injuries Reported,Yes,Proceeding Straight,No,No, , , , , , , , , , ,Y,Making Right Turn,No,No,Yes,0, ,Y, , , , , , , , , , , , ,Y, ,Y,Y, , ,No,, ,Yes,, ,, ,, ,Yes, ," On May [XXX], 2022 at 9:19 AM PST a Waymo Autonomous Vehicle (Waymo AV) operating in San Francisco, California was in a collision involving a SUV on [XXX] and [XXX].
The Waymo AV was attempting to make a right turn from [XXX] and [XXX] while yielding to a pedestrian in the adjacent crosswalk in autonomous mode. A SUV approaching from behind the Waymo AV passed on the left side, making contact with the Waymo AVs rear left sensor housing. The Waymo AV operator transitioned the system from autonomous to manual mode just before the moment of impact. The SUV immediately left the scene. At the time of the impact, the Waymo AVs Level 4 ADS was not engaged and a test driver was operating the Waymo AV in manual mode. The Waymo AV sustained minor damage.
Waymo is reporting this crash under Request No. 2 of Standing General Order 2021-01. Waymo may supplement or correct its reporting with additional information as it may become available. This report was submitted from the Pacific time zone on the required date.", 
30270-3219,1,Waymo LLC,Monthly,5,2022,Jun-22,SADHW2S11M1, ,N/A,Jaguar,I-Pace, ,2021, ,8d1fad62a288528,16393, ,In-Vehicle (Commercial / Test),5th Generation ADS, , ,Yes,ADS,Waymo LLC, , ,Y, , , , , ,,May-22, ,May-22,13:26, ,d91c576aa55da63,[MAY CONTAIN PERSONALLY IDENTIFIABLE INFORMATION], ,[MAY CONTAIN PERSONALLY IDENTIFIABLE INFORMATION], ,[MAY CONTAIN PERSONALLY IDENTIFIABLE INFORMATION], ,San Francisco, ,CA ,[MAY CONTAIN PERSONALLY IDENTIFIABLE INFORMATION], ,Intersection,Dry,No Unusual Conditions,35, ,Daylight,Y, , , , , , , ,,Pickup Truck,No Injuries Reported,Yes,Proceeding Straight,No,No, , ,Y, , , , , , , , ,Stopped,No,No,Yes,0, , , , , , , ,Y, , , , , , ,Y, ,Y,Y, , ,No,, ,Yes,, ,, ,, ,Yes, ," On May [XXX], 2022 at 1:26 PM PST a Waymo Autonomous Vehicle (Waymo AV) operating in San Francisco, California was in a collision involving a pickup truck at the northbound merge lane on the 100 block of [XXX]. 
While attempting a merge onto northbound [XXX] 
 from southbound [XXX], the Waymo AV came to a stop to yield for approaching traffic on the right. While stopped, a pickup truck approached from behind and made contact with the rear bumper of the Waymo AV. At the time of the impact, the Waymo AVs Level 4 ADS was engaged in autonomous mode, and a test driver was present (in the drivers seating position). The Waymo AV sustained minor damage.
Waymo is reporting this crash under Request No. 2 of Standing General Order 2021-01. Waymo may supplement or correct its reporting with additional information as it may become available. This report was submitted from the Pacific time zone on the required date.", 
855-3183,2,"Mercedes-Benz USA, LLC",Other Update,,,Jun-22,W1K2231301A, ,[MAY CONTAIN PERSONALLY IDENTIFIABLE INFORMATION],Mercedes-Benz,S350D, ,2022, ,2921d71c8e43ff9,28508, ,In-Vehicle (Commercial / Test),"[REDACTED, MAY CONTAIN CONFIDENTIAL BUSINESS INFORMATION]", ,Y,Yes,ADS,Mercedes-Benz Research and Development NA, , , , , ,Y, , ,,May-22, ,May-22,15:05, ,6b64e02431595a7,,Y,,Y,[MAY CONTAIN PERSONALLY IDENTIFIABLE INFORMATION], ,Commerce, ,CA ,[MAY CONTAIN PERSONALLY IDENTIFIABLE INFORMATION], ,Highway / Freeway,Dry,No Unusual Conditions,,Y,Daylight,Y, , , , , , , ,,Heavy Truck,No Injuries Reported,No,Unknown,Unknown,No, , , , , , , , , , ,Y,"Other, see Narrative",No,No,Yes,,Y,Y, , , , , ,Y, , , , , ,Y, , , ,Y, , ,Yes,CA Highway Patrol, ,No,[MAY CONTAIN PERSONALLY IDENTIFIABLE INFORMATION], ,,Y,,Y,"[REDACTED, MAY CONTAIN CONFIDENTIAL BUSINESS INFORMATION]",Y,"While departing from a standstill in heavy traffic with L3 ADS engaged, the subject Mercedes-Benz vehicle was struck in the rear bumper by a large semi-truck. No injuries were reported and the contact from the truck resulted in two minor scratches and two indentations on the rear bumper of the Mercedes-Benz.  The driver of the truck did not pull over after the collision. The Mercedes-Benz was driven from the incident location, and further inspection of the vehicle concluded no additional damage beyond the cosmetic dents and surface scratches.", 
855-3183,1,"Mercedes-Benz USA, LLC",Monthly,6,2022,Jun-22,W1K2231301A, ,[MAY CONTAIN PERSONALLY IDENTIFIABLE INFORMATION],Mercedes-Benz,S350D, ,2022, ,2921d71c8e43ff9,28508, ,In-Vehicle (Commercial / Test),"[REDACTED, MAY CONTAIN CONFIDENTIAL BUSINESS INFORMATION]", ,Y,Yes,ADS,Mercedes-Benz Research and Development NA, , , , , ,Y, , ,,May-22, ,May-22,15:05, ,6b64e02431595a7,,Y,,Y,[MAY CONTAIN PERSONALLY IDENTIFIABLE INFORMATION], ,Commerce, ,CA ,[MAY CONTAIN PERSONALLY IDENTIFIABLE INFORMATION], ,Highway / Freeway,Dry,No Unusual Conditions,,Y,Daylight,Y, , , , , , , ,,Heavy Truck,No Injuries Reported,No,Unknown,Unknown,No, , , , , , , , , , ,Y,"Other, see Narrative",No,No,Yes,,Y,Y, , , , , ,Y, , , , , ,Y, , , ,Y, , ,Yes,CA Highway Patrol, ,No,[MAY CONTAIN PERSONALLY IDENTIFIABLE INFORMATION], ,,Y,,Y,"[REDACTED, MAY CONTAIN CONFIDENTIAL BUSINESS INFORMATION]",Y,"[REDACTED, MAY CONTAIN CONFIDENTIAL BUSINESS INFORMATION]",Y
30711-3157,1,Pony.ai,Monthly,6,2022,Jun-22,KM8K23AG2MU, ,N/A,Hyundai,Kona EV, ,2021, ,c27390a5d6cc6fa,19429, ,In-Vehicle (Commercial / Test),L4, , ,Yes,ADS,Pony.ai, , , , ,Y, , , ,,May-22, ,May-22,15:00, ,ae16b7a8038ba70,[MAY CONTAIN PERSONALLY IDENTIFIABLE INFORMATION], ,[MAY CONTAIN PERSONALLY IDENTIFIABLE INFORMATION], ,[MAY CONTAIN PERSONALLY IDENTIFIABLE INFORMATION], ,Irvine, ,CA ,[MAY CONTAIN PERSONALLY IDENTIFIABLE INFORMATION], ,Street,Dry,No Unusual Conditions,,Y,Daylight,Y, , , , , , , ,,Passenger Car,No Injuries Reported,Yes,Backing,No,No, , , , , , ,Y, , , , ,Proceeding Straight,No,No,Yes,4, , , , , , , , , , , ,Y, , ,Y, ,Y, , , ,No,, ,Yes,, ,, ,, ,Yes, ,"On May [XXX], 2022, while operating in autonomous mode with a safety operator in the driver's seat, a Pony.ai Autonomous Vehicle was proceeding straight at a low speed when a passenger vehicle reversed into the side of the Pony.ai vehicle. The Pony.ai vehicle did not suffer damage. There were no injuries, the police were not called to the scene, and the Pony.ai vehicle was driven back to Pony.ai's Irvine-area facility. Please note that the ""UNK"" checkbox was selected for the Pony.ai vehicle in the grid as there is no option to select ""no damage"" for the subject vehicle. The only minor damage in the incident was to the passenger vehicle.", 
540-3085,2,"General Motors, LLC",10-Day Update,,,Jun-22,5G21A6P05N4, ,N/A,Cruise,AV, ,2022, ,67055320714abc5,697, ,Remote (Commercial / Test),,Y, ,Yes,ADS,Cruise LLC, , ,Y, ,Y, , , ,,Jun-22, ,Jun-22,23:00, ,07df46993d3d218,[MAY CONTAIN PERSONALLY IDENTIFIABLE INFORMATION], ,[MAY CONTAIN PERSONALLY IDENTIFIABLE INFORMATION], ,[MAY CONTAIN PERSONALLY IDENTIFIABLE INFORMATION], ,San Francisco, ,CA ,[MAY CONTAIN PERSONALLY IDENTIFIABLE INFORMATION], ,Intersection,Dry,No Unusual Conditions,25, ,Dark - Lighted,Y, , , , , , , ,,Passenger Car,Minor,Yes,Proceeding Straight,Yes,Yes, , , , , ,Y, ,Y,Y, , ,Making Left Turn,No,Yes,Yes,0, ,Y, , ,Y, , ,Y,Y, , , ,Y,Y,Y, ,Y,Y, , ,Yes,San Francisco Police Depertment, ,Yes,[MAY CONTAIN PERSONALLY IDENTIFIABLE INFORMATION], ,,Y,,Y,Yes, ,"On June [XXX], 2022 GM Cruise Holdings LLC (""Cruise"") filed an update to an Incident Report (the ""Report"") under the Standing General Order 2021-01 dated June 29, 2021 (the ""Order""). General Motors LLC (GM) manufactured the Cruise-operated motor vehicle involved in the incident summarized in the Incident Report. Because GM is also a Reporting Entity under the Order, GM is submitting a duplicate of the redacted public copy of the Report. GM has selected ""Unknown"" in the ""ADS version"" and ""ODD time"" fields solely to avoid a second submission of nonpublic Cruise CBI GM is in possession of Cruise's responses to these fields, and incorporates Cruise's responses into this submission by reference. GM's submission is based on facts supplied to GM by Cruise. GM has not investigated the alleged incident and currently believes, based on a reasonable inquiry, that it has no independent knowledge of the facts in the Report. (Reference file: 30412-3084-2)", 
30610-3158,1,"Zoox, Inc.",Monthly,5,2022,Jun-22,5TDDCRFR7GS, ,N/A,Toyota,Highlander, ,2016, ,faa7fd344bfdae8,81606, ,In-Vehicle (Commercial / Test),51.22.05.20, , ,Yes,ADS,Zoox, , , , , ,Y, , ,,May-22, ,May-22,13:30, ,33e8d4e5afdbbd8,[MAY CONTAIN PERSONALLY IDENTIFIABLE INFORMATION], ,[MAY CONTAIN PERSONALLY IDENTIFIABLE INFORMATION], ,[MAY CONTAIN PERSONALLY IDENTIFIABLE INFORMATION], ,San Francisco, ,CA ,[MAY CONTAIN PERSONALLY IDENTIFIABLE INFORMATION], ,Street,Dry,No Unusual Conditions,25, ,Daylight,Y, , , , , , , ,,Passenger Car,Unknown,Unknown,Proceeding Straight,Unknown,Unknown, , , , , ,Y, , , , , ,Stopped,No,No,Yes,25, , , , ,Y, , , , , , , ,Y, ,Y, ,Y, , , ,No,, ,No,, ,, ,, ,Yes, ," A Zoox vehicle in autonomous mode was stopped on [XXX] facing [XXX] facing [XXX], when a passenger vehicle from behind made contact with its rear sensors at low speed. The police were not called and there were no injuries.", 
30412-3084,2,Cruise LLC,10-Day Update,,,Jun-22,5G21A6P05N4, ,N/A,Cruise,AV, ,2022, ,67055320714abc5,697, ,Remote (Commercial / Test),"[REDACTED, MAY CONTAIN CONFIDENTIAL BUSINESS INFORMATION]", ,Y,Yes,ADS,Cruise LLC, , ,Y, ,Y, , , ,,Jun-22, ,Jun-22,23:00, ,07df46993d3d218,[MAY CONTAIN PERSONALLY IDENTIFIABLE INFORMATION], ,[MAY CONTAIN PERSONALLY IDENTIFIABLE INFORMATION], ,[MAY CONTAIN PERSONALLY IDENTIFIABLE INFORMATION], ,San Francisco, ,CA ,[MAY CONTAIN PERSONALLY IDENTIFIABLE INFORMATION], ,Intersection,Dry,No Unusual Conditions,25, ,Dark - Lighted,Y, , , , , , , ,,Passenger Car,Minor,Yes,Proceeding Straight,Yes,Yes, , , , , ,Y, ,Y,Y, , ,Making Left Turn,No,Yes,Yes,0, ,Y, , ,Y, , ,Y,Y, , , ,Y,Y,Y, ,Y,Y, , ,Yes,San Francisco Police Department, ,Yes,[MAY CONTAIN PERSONALLY IDENTIFIABLE INFORMATION], ,,Y,,Y,"[REDACTED, MAY CONTAIN CONFIDENTIAL BUSINESS INFORMATION]",Y,"A Cruise autonomous vehicle (""Cruise AV"") operating in driverless autonomous mode, was traveling eastbound on [XXX] toward the intersection with [XXX]. As it approached the intersection, the Cruise AV entered the left hand turn lane, turned the left turn signal on, and initiated a left turn on a green light onto [XXX]. At the same time, a Toyota Prius traveling westbound in the rightmost bus and turn lane of [XXX] approached the intersection in the right turn lane. The Toyota Prius was traveling approximately 40 mph in a 25 mph speed zone. The Cruise AV came to a stop before fully completing its turn onto [XXX] due to the oncoming Toyota Prius, and the Toyota Prius entered the intersection traveling straight from the turn lane instead of turning. Shortly thereafter, the Toyota Prius made contact with the rear passenger side of the Cruise AV. The impact caused damage to the right rear door, panel, and wheel of the Cruise AV. Police and Emergency Medical Services were called to the scene, and a police report was filed. The Cruise AV was towed from the scene. Occupants of both vehicles received medical treatment for allegedly minor injuries. [REDACTED CONFIDENTIAL BUSINESS INFORMATION]",Y
540-3083,2,"General Motors, LLC",10-Day Update,,,Jun-22,5G21A6P06L4, ,N/A,Cruise,AV, ,2020, ,da2115ee1029a21,49754, ,In-Vehicle and Remote (Commercial / Test),,Y, ,Yes,ADS,Cruise LLC, , ,Y, ,Y,Y, , ,,Jun-22, ,Jun-22,1:54, ,9d481ed6b4babd7,[MAY CONTAIN PERSONALLY IDENTIFIABLE INFORMATION], ,[MAY CONTAIN PERSONALLY IDENTIFIABLE INFORMATION], ,[MAY CONTAIN PERSONALLY IDENTIFIABLE INFORMATION], ,San Francisco, ,CA ,[MAY CONTAIN PERSONALLY IDENTIFIABLE INFORMATION], ,Street,Dry,No Unusual Conditions,25, ,Dark - Lighted,Y, , , , , , , ,,Non-Motorist: Pedestrian,Unknown,No,Proceeding Straight,,, , , , , , , , , , , ,"Other, see Narrative",No,No,Yes,5, , , ,Y, , , , , , , , ,Y,Y,Y, ,Y,Y, , ,Yes,San Francisco Police Department, ,Yes,[MAY CONTAIN PERSONALLY IDENTIFIABLE INFORMATION], ,,Y,,Y,"Unknown, see Narrative", ,"On June [XXX], 2022 GM Cruise Holdings LLC (""Cruise"") filed an update to an Incident Report (the ""Report"") under the Standing General Order 2021-01 dated June 29, 2021 (the ""Order""). General Motors LLC (GM) manufactured the Cruise-operated motor vehicle involved in the incident summarized in the Incident Report. Because GM is also a Reporting Entity under the Order, GM is submitting a duplicate of the redacted public copy of the Report. GM has selected ""Unknown"" in the ""ADS version"" and ""ODD time"" fields solely to avoid a second submission of nonpublic Cruise CBI GM is in possession of Cruise's responses to these fields, and incorporates Cruise's responses into this submission by reference. GM's submission is based on facts supplied to GM by Cruise. GM has not investigated the alleged incident and currently believes, based on a reasonable inquiry, that it has no independent knowledge of the facts in the Report. (Reference file: 30412-3080-2)", 
30412-3080,2,Cruise LLC,10-Day Update,,,Jun-22,5G21A6P06L4, ,N/A,Cruise,AV, ,2020, ,da2115ee1029a21,49754, ,In-Vehicle and Remote (Commercial / Test),"[REDACTED, MAY CONTAIN CONFIDENTIAL BUSINESS INFORMATION]", ,Y,Yes,ADS,Cruise LLC, , ,Y, ,Y,Y, , ,,Jun-22, ,Jun-22,1:54, ,9d481ed6b4babd7,[MAY CONTAIN PERSONALLY IDENTIFIABLE INFORMATION], ,[MAY CONTAIN PERSONALLY IDENTIFIABLE INFORMATION], ,[MAY CONTAIN PERSONALLY IDENTIFIABLE INFORMATION], ,San Francisco, ,CA ,[MAY CONTAIN PERSONALLY IDENTIFIABLE INFORMATION], ,Street,Dry,No Unusual Conditions,25, ,Dark - Lighted,Y, , , , , , , ,,Non-Motorist: Pedestrian,Unknown,No,Proceeding Straight,,, , , , , , , , , , , ,"Other, see Narrative",No,No,Yes,5, , , ,Y, , , , , , , , ,Y,Y,Y, ,Y,Y, , ,Yes,San Francisco Police Department, ,Yes,[MAY CONTAIN PERSONALLY IDENTIFIABLE INFORMATION], ,,Y,,Y,"[REDACTED, MAY CONTAIN CONFIDENTIAL BUSINESS INFORMATION]",Y,"A Cruise autonomous vehicle (""Cruise AV"") operating in supervised autonomous mode was driving Westbound on [XXX] between [XXX] and [XXX] when a pedestrian ran in front of the AV. The Cruise AV stopped for the pedestrian and, moments later, the pedestrian began yelling and approaching the Cruise AV. The Cruise AV operator disengaged the Cruise AV from autonomous mode to leave the scene. The Cruise AV operator drove the vehicle forward and maneuvered away from the pedestrian, but the pedestrian continued to approach the Cruise AV and jumped onto the hood of the Cruise AV. The pedestrian fell in front of the Cruise AV and remained there until later fleeing the scene. The injury status of the pedestrian is unknown and a police report was later filed. [REDACTED CONFIDENTIAL BUSINESS INFORMATION]",Y
540-2512,2,"General Motors, LLC",Monthly Update,2,2022,Jun-22,5G21A6P05L4, ,N/A,Cruise,AV, ,2020, ,4ede896caa0dd6e,32234, ,Remote (Commercial / Test),,Y, ,Yes,ADS,Cruise LLC, , ,Y, , , , , ,,Feb-22, ,Feb-22,0:48, ,027edaee5964dad,[MAY CONTAIN PERSONALLY IDENTIFIABLE INFORMATION], ,[MAY CONTAIN PERSONALLY IDENTIFIABLE INFORMATION], ,[MAY CONTAIN PERSONALLY IDENTIFIABLE INFORMATION], ,San Francisco, ,CA ,[MAY CONTAIN PERSONALLY IDENTIFIABLE INFORMATION], ,Intersection,Dry,No Unusual Conditions,25, ,Dark - Lighted,Y, , , , , , , ,,Passenger Car,No Injuries Reported,Yes,Making Left Turn,No,No, ,Y,Y, , , , , , , , ,Proceeding Straight,No,No,No Passengers in Vehicle,13, , , , , , ,Y, , ,Y, , ,Y,Y,Y, ,Y,Y, , ,Yes,San Francisco Police Department, ,Yes,[MAY CONTAIN PERSONALLY IDENTIFIABLE INFORMATION], ,,Y,,Y,"Unknown, see Narrative", ,"On June [XXX], 2022, GM Cruise Holdings LLC (""Cruise"") filed an update to an Incident Report (the ""Report"") under the Standing General Order 2021-01 dated June 29, 2021 (the ""Order"").  General Motors LLC (""GM"") manufactured the Cruise-operated motor vehicle involved in the incident summarized in the Incident Report. Because GM is also a Reporting Entity under the Order, GM is submitting a duplicate of the redacted public copy of the Report. GM has selected ""Unknown"" in the ""ADS version"" and ""ODD time"" fields solely to avoid a second submission of nonpublic Cruise CBI GM is in possession of Cruise""s responses to these fields, and incorporates Cruise""s responses into this submission by reference. GM's submission is based on facts supplied to GM by Cruise. GM has not investigated the alleged incident and currently believes, based on a reasonable inquiry, that it has no independent knowledge of the facts in the Report. (Reference file: Cruise Report ID 30412-2476-2)", 
540-3123,1,"General Motors, LLC",Monthly,5,2022,Jun-22,5G21A6P03L4, ,N/A,Cruise,AV, ,2020, ,c8b988b72ff1d9f,32821, ,In-Vehicle and Remote (Commercial / Test),,Y, ,Yes,ADS,Cruise LLC, , ,Y, ,Y,Y, , ,,May-22, ,May-22,4:37, ,6b298fec78911d4,[MAY CONTAIN PERSONALLY IDENTIFIABLE INFORMATION], ,[MAY CONTAIN PERSONALLY IDENTIFIABLE INFORMATION], ,[MAY CONTAIN PERSONALLY IDENTIFIABLE INFORMATION], ,San Francisco, ,CA ,[MAY CONTAIN PERSONALLY IDENTIFIABLE INFORMATION], ,Intersection,Dry,No Unusual Conditions,25, ,Dark - Lighted,Y, , , , , , , ,,Passenger Car,Minor,Yes,Proceeding Straight,No,No, , ,Y, , ,Y, , , , , ,Stopped,No,No,Yes,0, , , , ,Y, , ,Y, , , , ,Y, ,Y, ,Y,Y, , ,No,, ,Yes,, ,, ,, ,"Unknown, see Narrative", ,"On June [XXX], 2022, GM Cruise Holdings LLC (""Cruise"") filed an Incident Report (the ""Report"") under the Standing General Order 2021-01 dated June 29, 2021 (the ""Order"").General Motors LLC (GM) manufactured the Cruise-operated motor vehicle involved in the incident summarized in the Incident Report. Because GM is also a Reporting Entity under the Order, GM is submitting a duplicate of the redacted public copy of the Report. GM has selected ""Unknown"" in the ""ADS version"" and ""ODD time"" fields solely to avoid a second submission of nonpublic Cruise CBI GM is in possession of Cruise's responses to these fields, and incorporates Cruise's responses into this submission by reference. GM's submission is based on facts supplied to GM by Cruise. GM has not investigated the alleged incident and currently believes, based on a reasonable inquiry, that it has no independent knowledge of the facts in the Report. (Reference file: 30412-3073-1) ", 