Report ID,Report Version,Reporting Entity,Report Type,Report Month,Report Year,Report Submission Date,VIN,VIN - Unknown,Serial Number,Make,Model,Model - Unknown,Model Year,Model Year - Unknown,Same Vehicle ID,Mileage,Mileage - Unknown,Driver / Operator Type,ADAS/ADS Version,ADAS/ADS Version - Unknown,ADAS/ADS Version CBI,ADS Equipped?,Automation System Engaged?,Operating Entity,Operating Entity - Unknown,Source - Complaint/Claim,Source - Telematics,Source - Law Enforcement,Source - Field Report,Source - Testing,Source - Media,Source - Other,Source - Other Text,Incident Date,Incident Date - Unknown,Notice Received Date,Incident Time (24:00),Incident Time - Unknown,Same Incident ID,Latitude,Latitude  - Unknown,Longitude,Longitude - Unknown,Address,Address - Unknown,City,City - Unknown,State,Zip Code,Zip Code - Unknown,Roadway Type,Roadway Surface,Roadway Description,Posted Speed Limit (MPH),Posted Speed Limit - Unknown,Lighting,Weather - Clear,Weather - Snow,Weather - Cloudy,Weather - Fog/Smoke,Weather - Rain,Weather - Severe Wind,Weather - Unknown,Weather - Other,Weather - Other Text,Crash With,Highest Injury Severity,Property Damage?,CP Pre-Crash Movement,CP Any Air Bags Deployed?,CP Was Vehicle Towed?,CP Contact Area - Rear Left,CP Contact Area - Left,CP Contact Area - Front Left,CP Contact Area - Rear,CP Contact Area - Top,CP Contact Area - Front,CP Contact Area - Rear Right,CP Contact Area - Right,CP Contact Area - Front Right,CP Contact Area - Bottom,CP Contact Area - Unknown,SV Pre-Crash Movement,SV Any Air Bags Deployed?,SV Was Vehicle Towed?,SV Were All Passengers Belted?,SV Precrash Speed (MPH),SV Pre-crash Speed - Unknown,SV Contact Area - Rear Left,SV Contact Area - Left,SV Contact Area - Front Left,SV Contact Area - Rear,SV Contact Area - Top,SV Contact Area - Front,SV Contact Area - Rear Right,SV Contact Area - Right,SV Contact Area - Front Right,SV Contact Area - Bottom,SV Contact Area - Unknown,Data Availability - EDR,Data Availability - Police Rpt,Data Availability - Telematics,Data Availability - Complaints,Data Availability - Video,Data Availability - Other,Data Availability - No Data,Data Availability - Unknown,Law Enforcement Investigating?,Investigating Agency,Investigating Agency - Unknown,Rep Ent Or Mfr Investigating?,Investigating Officer Name,Inv. Officer Name - Unknown,Investigating Officer Phone,Inv. Officer Phone - Unknown,Investigating Officer Email,Inv. Officer Email - Unknown,Within ODD?,Within ODD? - CBI,Narrative,Narrative - CBI?
540-2594,1,"General Motors, LLC",1-Day,,,Mar-22,5G21A6P06L4, ,N/A,Cruise,AV, ,2020, ,cb78e142f7d9e1d,39342, ,Remote (Commercial / Test),,Y, ,Yes,ADS,Cruise LLC, , ,Y, , , , , ,,Mar-22, ,Mar-22,2:07, ,b6c5a51fe02a6c7,[MAY CONTAIN PERSONALLY IDENTIFIABLE INFORMATION], ,[MAY CONTAIN PERSONALLY IDENTIFIABLE INFORMATION], ,[MAY CONTAIN PERSONALLY IDENTIFIABLE INFORMATION], ,San Francisco, ,CA ,[MAY CONTAIN PERSONALLY IDENTIFIABLE INFORMATION], ,Street,Dry,No Unusual Conditions,25, ,Dark - Lighted,Y, , , , , , , ,,Pickup Truck,No Injuries Reported,Yes,Backing,No,No, , , ,Y, , , , , , , ,Stopped,No,Yes,No Passengers in Vehicle,0, , , , , , ,Y, , , , , ,Y, ,Y, ,Y,Y, , ,Unknown,,Y,Yes,,Y,,Y,,Y,"Unknown, see Narrative", ,"On March [XXX], GM Cruise Holdings LLC (""Cruise"") filed an Incident Report (the ""Report"") under the Standing General Order 2021-01 dated June 29, 2021 (the ""Order""). General Motors LLC (""GM"") manufactured the Cruise-operated motor vehicle involved in the incident summarized in the Incident Report. Because GM is also a Reporting Entity under the Order, GM is submitting a duplicate of the redacted public copy of the Report. GM has selected ""Unknown"" in the ""ADS version"" and ""ODD time"" fields solely to avoid a second submission of nonpublic Cruise CBI; GM is in possession of Cruise's responses to these fields, and incorporates Cruise's responses into this submission by reference. GM's submission is based on facts supplied to GM by Cruise. GM has not investigated the alleged incident and currently believes, based on a reasonable inquiry, that it has no independent knowledge of the facts in the Report. (Reference file: (30412-2593-1).", 
30412-2593,1,Cruise LLC,1-Day,,,Mar-22,5G21A6P06L4, ,N/A,Cruise,AV, ,2020, ,cb78e142f7d9e1d,39342, ,Remote (Commercial / Test),"[REDACTED, MAY CONTAIN CONFIDENTIAL BUSINESS INFORMATION]", ,Y,Yes,ADS,Cruise LLC, , ,Y, , , , , ,,Mar-22, ,Mar-22,2:07, ,b6c5a51fe02a6c7,[MAY CONTAIN PERSONALLY IDENTIFIABLE INFORMATION], ,[MAY CONTAIN PERSONALLY IDENTIFIABLE INFORMATION], ,[MAY CONTAIN PERSONALLY IDENTIFIABLE INFORMATION], ,San Francisco, ,CA ,[MAY CONTAIN PERSONALLY IDENTIFIABLE INFORMATION], ,Street,Dry,No Unusual Conditions,25, ,Dark - Lighted,Y, , , , , , , ,,Pickup Truck,No Injuries Reported,Yes,Backing,No,No, , , ,Y, , , , , , , ,Stopped,No,Yes,No Passengers in Vehicle,0, , , , , , ,Y, , , , , ,Y, ,Y, ,Y,Y, , ,Unknown,,Y,Yes,,Y,,Y,,Y,"[REDACTED, MAY CONTAIN CONFIDENTIAL BUSINESS INFORMATION]",Y,"A Cruise autonomous vehicle (""Cruise AV""), operating in driverless autonomous mode, was traveling eastbound on [XXX] between [XXX] and [XXX]. The Cruise AV approached a pickup truck that was reversing on eastbound [XXX] and the Cruise AV stopped as the pickup truck continued to reverse. The pickup truck continued to reverse and made contact with the Cruise AV, damaging the front bumper of the Cruise AV. There were no injuries and the Cruise AV was towed from the incident. [REDACTED CONFIDENTIAL BUSINESS INFORMATION]",Y
540-2590,1,"General Motors, LLC",1-Day,,,Mar-22,5G21A6P06N4, ,N/A,Cruise,AV, ,2022, ,a3dbf2235f1daf1,10025, ,In-Vehicle and Remote (Commercial / Test),,Y, ,Yes,ADS,Cruise LLC, , , , ,Y,Y, , ,,Mar-22, ,Mar-22,13:24, ,71233f2d25b765e,[MAY CONTAIN PERSONALLY IDENTIFIABLE INFORMATION], ,[MAY CONTAIN PERSONALLY IDENTIFIABLE INFORMATION], ,[MAY CONTAIN PERSONALLY IDENTIFIABLE INFORMATION], ,San Francisco, ,CA ,[MAY CONTAIN PERSONALLY IDENTIFIABLE INFORMATION], ,Street,Dry,No Unusual Conditions,30, ,Daylight, , ,Y, , , , , ,,Non-Motorist: Cyclist,Serious,Unknown,Proceeding Straight,,, , , , , , , , , , , ,Proceeding Straight,No,No,Yes,4, , , , ,Y, , , , , , , ,Y,Y,Y, ,Y,Y, , ,Yes,San Francisco Police Department, ,Yes,[MAY CONTAIN PERSONALLY IDENTIFIABLE INFORMATION], ,[MAY CONTAIN PERSONALLY IDENTIFIABLE INFORMATION], ,,Y,"Unknown, see Narrative", ,"On March [XXX], 2022, GM Cruise Holdings LLC (""Cruise"") filed an Incident Report (the ""Report"") under the Standing General Order 2021-01 dated June 29, 2021 (the ""Order""). General Motors LLC (""GM"") manufactured the Cruise-operated motor vehicle involved in the incident summarized in the Incident Report. Because GM is also a Reporting Entity under the Order, GM is submitting a duplicate of the redacted public copy of the Report. GM has selected ""Unknown"" in the ""ADS version"" and ""ODD time"" fields solely to avoid a second submission of nonpublic Cruise CBI; GM is in possession of Cruise's responses to these fields, and incorporates Cruise's responses into this submission by reference. GM's submission is based on facts supplied to GM by Cruise. GM has not investigated the alleged incident and currently believes, based on a reasonable inquiry, that it has no independent knowledge of the facts in the Report.? (Reference file: 30412-2588-1).", 
30412-2588,1,Cruise LLC,1-Day,,,Mar-22,5G21A6P06N4, ,N/A,Cruise,AV, ,2022, ,a3dbf2235f1daf1,10025, ,In-Vehicle and Remote (Commercial / Test),"[REDACTED, MAY CONTAIN CONFIDENTIAL BUSINESS INFORMATION]", ,Y,Yes,ADS,Cruise LLC, , , , ,Y,Y, , ,,Mar-22, ,Mar-22,13:24, ,71233f2d25b765e,[MAY CONTAIN PERSONALLY IDENTIFIABLE INFORMATION], ,[MAY CONTAIN PERSONALLY IDENTIFIABLE INFORMATION], ,[MAY CONTAIN PERSONALLY IDENTIFIABLE INFORMATION], ,San Francisco, ,CA ,[MAY CONTAIN PERSONALLY IDENTIFIABLE INFORMATION], ,Street,Dry,No Unusual Conditions,30, ,Daylight, , ,Y, , , , , ,,Non-Motorist: Cyclist,Serious,Unknown,Proceeding Straight,,, , , , , , , , , , , ,Proceeding Straight,No,No,Yes,4, , , , ,Y, , , , , , , ,Y,Y,Y, ,Y,Y, , ,Yes,San Francisco Police Department, ,Yes,[MAY CONTAIN PERSONALLY IDENTIFIABLE INFORMATION], ,[MAY CONTAIN PERSONALLY IDENTIFIABLE INFORMATION], ,,Y,"[REDACTED, MAY CONTAIN CONFIDENTIAL BUSINESS INFORMATION]",Y,"A Cruise autonomous vehicle (""Cruise AV""), operating in supervised autonomous mode, was traveling southbound on Point [XXX] between [XXX] and [XXX]. The Cruise AV was traveling downhill when a cyclist approached the Cruise AV from behind. The Cruise AV began to brake, and shortly thereafter, the cyclist made contact with the rear window of the Cruise AV. The cyclist fell to the ground and sustained injuries. Police and Emergency Medical Services (EMS) were called. The cyclist was transferred from the scene via EMS. The impact caused damage to the rear passenger side of the bumper, rear hatch, and rear window of the Cruise AV. [REDACTED CONFIDENTIAL BUSINESS INFORMATION]",Y
30610-2584,1,"Zoox, Inc.",1-Day,,,Mar-22,5TDDCRFH5GS, ,N/A,Toyota,Highlander, ,2016, ,1ccf97db22289e8,72592, ,In-Vehicle (Commercial / Test),62.22.03.22, , ,Yes,ADS,Zoox, , , , , ,Y, , ,,Mar-22, ,Mar-22,15:00, ,50de63f80743bbd,[MAY CONTAIN PERSONALLY IDENTIFIABLE INFORMATION], ,[MAY CONTAIN PERSONALLY IDENTIFIABLE INFORMATION], ,[MAY CONTAIN PERSONALLY IDENTIFIABLE INFORMATION], ,San Francisco, ,CA ,[MAY CONTAIN PERSONALLY IDENTIFIABLE INFORMATION], ,Intersection,Dry,No Unusual Conditions,15, ,Daylight,Y, , , , , , , ,,Non-Motorist: Other,Minor,Unknown,Proceeding Straight,,, , , , , , , , , , , ,Proceeding Straight,No,No,Yes,2, , , , , , , ,Y, , , , ,Y, ,Y, ,Y, , , ,No,, ,No,, ,, ,, ,Yes, ,"A Zoox vehicle in manual mode was proceeding with the right of way through a four-way stop, when a person operating an electric scooter failed to stop at the stop sign and proceeded into the intersection from the right and made contact with the rear corner of the Zoox vehicle at low speed. Police were not called. The Zoox vehicle was in autonomy in the 30 second period prior to contact.", 
855-2464,2,"Mercedes-Benz USA, LLC",10-Day Update,,,Mar-22,W1KCG2EB8NA, ,N/A,Mercedes-Benz,EQS 450 4Matic, ,,Y,23b85ceefeb0e4d,58, ,In-Vehicle and Remote (Commercial / Test),"[REDACTED, MAY CONTAIN CONFIDENTIAL BUSINESS INFORMATION]", ,Y,Yes,ADS,Mercedes-Benz, , , , , , , ,Y,Preparation of Demonstration,Mar-22, ,Mar-22,8:50, ,e0cdab99aaf1a1f,,Y,,Y,[MAY CONTAIN PERSONALLY IDENTIFIABLE INFORMATION], ,Los Angeles, ,CA ,[MAY CONTAIN PERSONALLY IDENTIFIABLE INFORMATION], ,Parking Lot,Dry,"Other, see Narrative",5, ,Daylight,Y, , , , , , , ,,"Other, see Narrative",Minor,Yes,Parked,No,No, , , ,Y, , , , , , , ,"Other, see Narrative",No,No,No Passengers in Vehicle,1, , , , , , ,Y, , , , , , , , , , , , ,Y,No,, ,Yes,, ,, ,, ,"[REDACTED, MAY CONTAIN CONFIDENTIAL BUSINESS INFORMATION]",Y,No additional information to report at this time., 
30270-2556,1,Waymo LLC,Monthly,2,2022,Mar-22,SADHW2S17M1, ,N/A,Jaguar,I-Pace, ,2021, ,6928114ae21e747,21701, ,In-Vehicle (Commercial / Test),5th Generation ADS, , ,Yes,ADS,Waymo LLC, , ,Y, , , , , ,,Feb-22, ,Feb-22,13:00, ,4aa11f8103e3b99,[MAY CONTAIN PERSONALLY IDENTIFIABLE INFORMATION], ,[MAY CONTAIN PERSONALLY IDENTIFIABLE INFORMATION], ,[MAY CONTAIN PERSONALLY IDENTIFIABLE INFORMATION], ,San Francisco, ,CA ,[MAY CONTAIN PERSONALLY IDENTIFIABLE INFORMATION], ,Intersection,Dry,No Unusual Conditions,25, ,Daylight,Y, , , , , , , ,,Passenger Car,No Injuries Reported,Yes,Proceeding Straight,No,No, , , , , , , , ,Y, , ,Proceeding Straight,No,No,Yes,1, , , , ,Y, , , , , , , , , ,Y, ,Y,Y, , ,No,, ,Yes,, ,, ,, ,Yes, ,"On February [XXX], 2022 at 1:00 PM PST a Waymo Autonomous Vehicle ('Waymo AV') operating in San Francisco, California was in a collision involving a passenger vehicle on [XXX] at [XXX].
While traveling southbound on [XXX] at [XXX] in autonomous mode, the Waymo AV approached a green light and signaled for a right turn when a pedestrian entered the adjacent crosswalk in accordance with the pedestrian 'WALK' signal. As the Waymo AV began to slow, the driver transitioned the system into manual mode. A few seconds later, a passenger vehicle approached from behind and made contact with the rear bumper of the Waymo AV. At the time of the impact, the Waymo AV's Level 4 ADS was not engaged and a test driver was operating the Waymo AV in manual mode. The Waymo AV sustained minor damage.
Waymo is reporting this crash under Request No. 2 of Standing General Order 2021-01. Waymo may supplement or correct its reporting with additional information as it may become available. This report was submitted from the Pacific time zone on the required date.", 
30270-2555,1,Waymo LLC,Monthly,2,2022,Mar-22,SADHW2S10M1, ,N/A,Jaguar,I-Pace, ,2021, ,ed590c651fc2b4e,8771, ,In-Vehicle (Commercial / Test),5th Generation ADS, , ,Yes,ADS,Waymo LLC, , ,Y, , , , , ,,Feb-22, ,Feb-22,0:49, ,5c272086feb4f9f,[MAY CONTAIN PERSONALLY IDENTIFIABLE INFORMATION], ,[MAY CONTAIN PERSONALLY IDENTIFIABLE INFORMATION], ,[MAY CONTAIN PERSONALLY IDENTIFIABLE INFORMATION], ,San Francisco, ,CA ,[MAY CONTAIN PERSONALLY IDENTIFIABLE INFORMATION], ,Intersection,Dry,No Unusual Conditions,25, ,Dark - Lighted,Y, , , , , , , ,,Passenger Car,No Injuries Reported,Yes,Changing Lanes,No,No, , , , , , , , , , ,Y,Stopped,No,No,Yes,0, , , , , , , ,Y, , , , , , ,Y, ,Y,Y, , ,No,, ,Yes,, ,, ,, ,Yes, ,"On February [XXX], 2022 at 12:49 AM PST a Waymo Autonomous Vehicle ('Waymo AV') operating in San Francisco, California was in a collision involving a passenger vehicle on [XXX] at [XXX].
The Waymo AV was stopped at a red light facing west on [XXX] at the [XXX] intersection in the left turn lane in autonomous mode. While the traffic light was still red, the vehicle immediately behind the Waymo AV began to accelerate toward the right side of the Waymo AV and made contact with the right rear bumper of the Waymo AV.  The other vehicle left the scene without exchanging information. At the time of the impact, the Waymo AV's Level 4 ADS was engaged in autonomous mode, and a test driver was present (in the driver's seating position). The Waymo AV sustained minor damage.
Waymo is reporting this crash under Request No. 2 of Standing General Order 2021-01. Waymo may supplement or correct its reporting with additional information as it may become available. This report was submitted from the Pacific time zone on the required date.", 
30270-2554,1,Waymo LLC,Monthly,2,2022,Mar-22,SADHW2S19M1, ,N/A,Jaguar,I-Pace, ,2021, ,3e2c94c7b8660e0,16818, ,In-Vehicle (Commercial / Test),5th Generation ADS, , ,Yes,ADS,Waymo LLC, , ,Y, , , , , ,,Feb-22, ,Feb-22,19:45, ,330b02ca7bf113d,[MAY CONTAIN PERSONALLY IDENTIFIABLE INFORMATION], ,[MAY CONTAIN PERSONALLY IDENTIFIABLE INFORMATION], ,[MAY CONTAIN PERSONALLY IDENTIFIABLE INFORMATION], ,San Francisco, ,CA ,[MAY CONTAIN PERSONALLY IDENTIFIABLE INFORMATION], ,Intersection,Dry,No Unusual Conditions,35, ,Dark - Lighted,Y, , , , , , , ,,Passenger Car,No Injuries Reported,Yes,Proceeding Straight,No,No, , ,Y, , , , , , , , ,Stopped,No,No,Yes,0, , , , , , , ,Y, , , , , , ,Y, ,Y,Y, , ,No,, ,Yes,, ,, ,, ,Yes, ,"On February [XXX], 2022 at 7:45 PM PST a Waymo Autonomous Vehicle ('Waymo AV') operating in San Francisco, California was in a collision involving a passenger vehicle at the northbound merge lane on the 100 block of [XXX]. 
While attempting a merge onto northbound [XXX] from southbound [XXX], the Waymo AV came to a stop to yield for approaching traffic on the right. While stopped, a vehicle approached from behind and made contact with the rear bumper of the Waymo AV. The other vehicle left the scene without exchanging information.  At the time of the impact, the Waymo AV's Level 4 ADS was engaged in autonomous mode, and a test driver was present (in the driver's seating position). The Waymo AV sustained minor damage.
Waymo is reporting this crash under Request No. 2 of Standing General Order 2021-01. Waymo may supplement or correct its reporting with additional information as it may become available. This report was submitted from the Pacific time zone on the required date.", 
30270-2553,1,Waymo LLC,Monthly,2,2022,Mar-22,SADHW2S10M1, ,N/A,Jaguar,I-Pace, ,2021, ,fc507050d262298,17237, ,In-Vehicle (Commercial / Test),5th Generation ADS, , ,Yes,ADS,Waymo LLC, , ,Y, , , , , ,,Feb-22, ,Feb-22,15:02, ,82533cc71dbe287,[MAY CONTAIN PERSONALLY IDENTIFIABLE INFORMATION], ,[MAY CONTAIN PERSONALLY IDENTIFIABLE INFORMATION], ,[MAY CONTAIN PERSONALLY IDENTIFIABLE INFORMATION], ,San Francisco, ,CA ,[MAY CONTAIN PERSONALLY IDENTIFIABLE INFORMATION], ,Intersection,Dry,No Unusual Conditions,25, ,Daylight,Y, , , , , , , ,,Passenger Car,No Injuries Reported,Yes,Proceeding Straight,No,No, , ,Y, , ,Y, , , , , ,Stopped,No,No,Yes,0, , , , , , , ,Y, , , , , , ,Y, ,Y,Y, , ,No,, ,Yes,, ,, ,, ,Yes, ,"On February [XXX], 2022 at 3:02 PM PST a Waymo Autonomous Vehicle ('Waymo AV') operating in San Francisco, California was in a collision involving a passenger vehicle on [XXX] at [XXX].
The Waymo AV was stopped at a red light facing north on [XXX] at the [XXX] intersection in autonomous mode. While the traffic light was still red, the vehicle immediately behind the Waymo AV began to accelerate and made contact with the rear bumper of the Waymo AV. At the time of the impact, the Waymo AV's Level 4 ADS was engaged in autonomous mode, and a test driver was present (in the driver's seating position). The Waymo AV sustained minor damage.
Waymo is reporting this crash under Request No. 2 of Standing General Order 2021-01. Waymo may supplement or correct its reporting with additional information as it may become available. This report was submitted from the Pacific time zone on the required date.", 
30270-2552,1,Waymo LLC,Monthly,2,2022,Mar-22,SADHW2S1XM1, ,N/A,Jaguar,I-Pace, ,2021, ,4c109ee6f767a49,9960, ,In-Vehicle (Commercial / Test),5th Generation ADS, , ,Yes,ADS,Waymo LLC, , ,Y, , , , , ,,Feb-22, ,Feb-22,15:05, ,6760a5723220425,[MAY CONTAIN PERSONALLY IDENTIFIABLE INFORMATION], ,[MAY CONTAIN PERSONALLY IDENTIFIABLE INFORMATION], ,[MAY CONTAIN PERSONALLY IDENTIFIABLE INFORMATION], ,San Francisco, ,CA ,[MAY CONTAIN PERSONALLY IDENTIFIABLE INFORMATION], ,Street,Dry,"Other, see Narrative",25, ,Daylight,Y, , , , , , , ,,Pickup Truck,No Injuries Reported,Yes,Passing,No,No, ,Y, , , , , , , , , ,Stopped,No,No,Yes,0, ,Y, , , , , , , , , , , , ,Y, ,Y,Y, , ,No,, ,Yes,, ,, ,, ,Yes, ,"On February [XXX], 2022 at 3:05 PM PST a Waymo Autonomous Vehicle ('Waymo AV') operating in San Francisco, California was in a collision involving a pick-up truck on [XXX] near [XXX]. 
The Waymo AV was traveling westbound on [XXX] in autonomous mode and came to a stop while yielding to an oncoming pick-up truck in a narrow roadway. The oncoming truck continued proceeding straight and made contact with the rear left sensor of the Waymo AV. At the time of the impact, the Waymo AV's Level 4 ADS was engaged in autonomous mode, and a test driver was present (in the driver's seating position). Both vehicles sustained minor damage.
Waymo is reporting this crash under Request No. 2 of Standing General Order 2021-01. Waymo may supplement or correct its reporting with additional information as it may become available. This report was submitted from the Pacific time zone on the required date.", 
30270-2551,1,Waymo LLC,Monthly,2,2022,Mar-22,SADHW2S17M1, ,N/A,Jaguar,I-Pace, ,2021, ,e0571a62a1ccccb,13801, ,In-Vehicle (Commercial / Test),5th Generation ADS, , ,Yes,ADS,Waymo LLC, , ,Y, , , , , ,,Feb-22, ,Feb-22,8:44, ,a85a7c4da377987,[MAY CONTAIN PERSONALLY IDENTIFIABLE INFORMATION], ,[MAY CONTAIN PERSONALLY IDENTIFIABLE INFORMATION], ,[MAY CONTAIN PERSONALLY IDENTIFIABLE INFORMATION], ,San Francisco, ,CA ,[MAY CONTAIN PERSONALLY IDENTIFIABLE INFORMATION], ,Intersection,Dry,No Unusual Conditions,25, ,Daylight,Y, , , , , , , ,,SUV,No Injuries Reported,Yes,Crossing into Opposing Lane,No,No, , , , , , , ,Y, , , ,Stopped,No,No,Yes,0, ,Y, , , , , , , , , , , , ,Y, ,Y,Y, , ,No,, ,Yes,, ,, ,, ,Yes, ,"On February [XXX], 2022 at 8:44 AM PST a Waymo Autonomous Vehicle ('Waymo AV') operating in San Francisco, California was in a collision involving a SUV on [XXX] and [XXX].
The Waymo AV was stopped at a stop sign facing west on [XXX] in autonomous mode while yielding to pedestrians in the crosswalk. After the pedestrians had crossed, the Waymo started to edge forward when an SUV to the Waymo AV's rear passed the Waymo AV by driving in the oncoming traffic lane and made contact with the left rear sensor housing of the Waymo AV. At the time of the impact, the Waymo AV's Level 4 ADS was engaged in autonomous mode and a test driver was present (in the driver's seating position). The Waymo AV sustained minor damage.
Waymo is reporting this crash under Request No. 2 of Standing General Order 2021-01. Waymo may supplement or correct its reporting with additional information as it may become available. This report was submitted from the Pacific time zone on the required date.", 
30610-2482,1,"Zoox, Inc.",Monthly,2,2022,Mar-22,5RDDCRFH2GS, ,N/A,Toyota,Highlander, ,2016, ,825a589bfc9c427,52306, ,In-Vehicle (Commercial / Test),30.22.02.05, , ,Yes,ADS,Zoox, , , , , ,Y, , ,,Feb-22, ,Feb-22,20:55, ,2aa124cfd4ca325,[MAY CONTAIN PERSONALLY IDENTIFIABLE INFORMATION], ,[MAY CONTAIN PERSONALLY IDENTIFIABLE INFORMATION], ,[MAY CONTAIN PERSONALLY IDENTIFIABLE INFORMATION], ,San Francisco, ,CA ,[MAY CONTAIN PERSONALLY IDENTIFIABLE INFORMATION], ,Street,Dry,No Unusual Conditions,25, ,Dark - Lighted,Y, , , , , , , ,,Passenger Car,No Injuries Reported,No,Proceeding Straight,Unknown,Unknown, , , , , ,Y, , , , , ,Stopped,No,No,Yes,0, , , , ,Y, , , , , , , ,Y, ,Y, ,Y, , , ,No,, ,No,, ,, ,, ,Yes, ,A Zoox vehicle when in autonomous mode was stopped at a traffic light on [XXX] at [XXX] when a passenger vehicle hit the Zoox vehicle from behind. The passenger vehicle left the scene without exchanging information. There were no injuries and the police were not called., 
540-2512,1,"General Motors, LLC",Monthly,2,2022,Mar-22,5G21A6P05L4, ,N/A,Cruise,AV, ,2020, ,4ede896caa0dd6e,32234, ,Remote (Commercial / Test),,Y, ,Yes,ADS,Cruise LLC, , ,Y, , , , , ,,Feb-22, ,Feb-22,0:48, ,027edaee5964dad,[MAY CONTAIN PERSONALLY IDENTIFIABLE INFORMATION], ,[MAY CONTAIN PERSONALLY IDENTIFIABLE INFORMATION], ,[MAY CONTAIN PERSONALLY IDENTIFIABLE INFORMATION], ,San Francisco, ,CA ,[MAY CONTAIN PERSONALLY IDENTIFIABLE INFORMATION], ,Intersection,Dry,No Unusual Conditions,25, ,Dark - Lighted,Y, , , , , , , ,,Passenger Car,No Injuries Reported,Yes,Making Left Turn,No,No, ,Y,Y, , , , , , , , ,Proceeding Straight,No,No,No Passengers in Vehicle,13, , , , , , ,Y, , ,Y, , ,Y, ,Y, ,Y,Y, , ,Unknown,,Y,Yes,,Y,,Y,,Y,"Unknown, see Narrative", ,"On March [XXX], 2022, GM Cruise Holdings LLC (""Cruise"") filed an Incident Report (the ""Report"") under the Standing General Order 2021-01 dated June 29, 2021 (the ""Order"").  General Motors LLC (""GM"") manufactured the Cruise-operated motor vehicle involved in the incident summarized in the Incident Report. Because GM is also a Reporting Entity under the Order, GM is submitting a duplicate of the redacted public copy of the Report. GM has selected ""Unknown"" in the ""ADS version"" and ""ODD time"" fields solely to avoid a second submission of nonpublic Cruise CBI GM is in possession of Cruise""s responses to these fields, and incorporates Cruise""s responses into this submission by reference. GM's submission is based on facts supplied to GM by Cruise. GM has not investigated the alleged incident and currently believes, based on a reasonable inquiry, that it has no independent knowledge of the facts in the Report. (Reference file: Cruise Report ID 30412-2476-1)", 
30412-2476,1,Cruise LLC,Monthly,2,2022,Mar-22,5G21A6P05L4, ,N/A,Cruise,AV, ,2020, ,4ede896caa0dd6e,32234, ,Remote (Commercial / Test),"[REDACTED, MAY CONTAIN CONFIDENTIAL BUSINESS INFORMATION]", ,Y,Yes,ADS,Cruise LLC, , ,Y, , , , , ,,Feb-22, ,Feb-22,0:48, ,027edaee5964dad,[MAY CONTAIN PERSONALLY IDENTIFIABLE INFORMATION], ,[MAY CONTAIN PERSONALLY IDENTIFIABLE INFORMATION], ,[MAY CONTAIN PERSONALLY IDENTIFIABLE INFORMATION], ,San Francisco, ,CA ,[MAY CONTAIN PERSONALLY IDENTIFIABLE INFORMATION], ,Intersection,Dry,No Unusual Conditions,25, ,Dark - Lighted,Y, , , , , , , ,,Passenger Car,No Injuries Reported,Yes,Making Left Turn,No,No, ,Y,Y, , , , , , , , ,Proceeding Straight,No,No,No Passengers in Vehicle,13, , , , , , ,Y, , ,Y, , ,Y, ,Y, ,Y,Y, , ,Unknown,,Y,Yes,,Y,,Y,,Y,"[REDACTED, MAY CONTAIN CONFIDENTIAL BUSINESS INFORMATION]",Y,"A Cruise autonomous vehicle (""Cruise AV""), operating in driverless autonomous mode, was at a complete stop in response to a red light on southbound [XXX] at the intersection with [XXX]. At the intersection, an Acura Sedan was stopped in front of the Cruise AV in the left southbound lane. To the right of the Cruise AV, was a BMW Sedan in the right southbound lane. In response to the green light, the Acura Sedan made a signaled left turn onto [XXX] as the BMW Sedan stayed parallel to the Cruise AV. As the Cruise AV entered the intersection, the BMW Sedan made a prohibited left turn from the right southbound lane on [XXX] with no turn signal. The Cruise AV braked and, shortly thereafter, the BMW Sedan made contact with the Cruise AV, damaging the front right bumper of the Cruise AV. The driver of the BMW Sedan left the scene without exchanging information. There were no injuries and Cruise filed a police report on February [XXX], 2022. [REDACTED CONFIDENTIAL BUSINESS INFORMATION]",Y
1712-2474,2,"Robert Bosch, LLC",Other Update,,,Mar-22,W1KCG2EB8NA, ,N/A,EQS,450 4matic, ,,Y,23b85ceefeb0e4d,,Y,Unknown,Automated Valet Park, , ,Yes,ADS,MBUS, , , , , ,Y, , ,,Mar-22, ,Mar-22,8:50, ,e0cdab99aaf1a1f,,Y,,Y,[MAY CONTAIN PERSONALLY IDENTIFIABLE INFORMATION], ,Los Angeles, ,CA ,[MAY CONTAIN PERSONALLY IDENTIFIABLE INFORMATION], ,Parking Lot,Unknown,Unknown,,Y,Unknown, , , , , , ,Y, ,,Unknown,Minor,No,Stopped,No,No, , , , , , , , , , ,Y,Unknown,No,No,Unknown,,Y, , , , , ,Y, , , , , , , , , , , , ,Y,No,, ,Yes,, ,, ,, ,"Unknown, see Narrative", ,"On March [XXX], 2022, [REDACTED CONFIDENTIAL BUSINESS INFORMATION], at the Intercontinental Los Angeles hotel in Los Angeles, CA, Mercedes-Benz advised that there was minor incident [REDACTED CONFIDENTIAL BUSINESS INFORMATION]. Please see Mercedes-Benz 1-day report that was filed with NHTSA via the SGO Portal for additional information and details.  Bosch does not have incident details, other than those identified in the report above.  [REDACTED CONFIDENTIAL BUSINESS INFORMATION]",Y
1712-2474,1,"Robert Bosch, LLC",1-Day,,,Mar-22,W1KCG2EB8NA, ,N/A,EQS,450 4matic, ,,Y,23b85ceefeb0e4d,,Y,Unknown,Automated Valet Park, , ,Yes,ADS,MBUS, , , , , ,Y, , ,,Mar-22, ,Mar-22,8:50, ,e0cdab99aaf1a1f,,Y,,Y,[MAY CONTAIN PERSONALLY IDENTIFIABLE INFORMATION], ,Los Angelas, ,CA ,[MAY CONTAIN PERSONALLY IDENTIFIABLE INFORMATION], ,Parking Lot,Unknown,Unknown,,Y,Unknown, , , , , , ,Y, ,,Unknown,Minor,No,Stopped,No,No, , , , , , , , , , ,Y,Unknown,No,No,Unknown,,Y, , , , , ,Y, , , , , , , , , , , , ,Y,No,, ,Yes,, ,, ,, ,"Unknown, see Narrative", ,"On March [XXX], 2022, in preparation for the Automated Valet Parking demonstration scheduled for March [XXX], 2022, at the [XXX] in Los Angeles, CA, Mercedes-Benz advised that there was minor incident while they were deploying the demo. Please see Mercedes-Benz 1-day report that was filed with NHTSA via the SGO Portal for additional information and details.  Bosch does not have incident details, other than those identified in the report above.  We were advised that the subject vehicle hit another test vehicle at low speed, which was parked right in front of it.  There were very minor damages reported (small scratch on the bumper) and only a minor injury reported by one of the Mercedes-Benz engineers.", 