Report ID,Report Version,Reporting Entity,Report Type,Report Month,Report Year,Report Submission Date,VIN,VIN - Unknown,Serial Number,Make,Model,Model - Unknown,Model Year,Model Year - Unknown,Same Vehicle ID,Mileage,Mileage - Unknown,Driver / Operator Type,ADAS/ADS Version,ADAS/ADS Version - Unknown,ADAS/ADS Version CBI,ADS Equipped?,Automation System Engaged?,Operating Entity,Operating Entity - Unknown,Source - Complaint/Claim,Source - Telematics,Source - Law Enforcement,Source - Field Report,Source - Testing,Source - Media,Source - Other,Source - Other Text,Incident Date,Incident Date - Unknown,Notice Received Date,Incident Time (24:00),Incident Time - Unknown,Same Incident ID,Latitude,Latitude  - Unknown,Longitude,Longitude - Unknown,Address,Address - Unknown,City,City - Unknown,State,Zip Code,Zip Code - Unknown,Roadway Type,Roadway Surface,Roadway Description,Posted Speed Limit (MPH),Posted Speed Limit - Unknown,Lighting,Weather - Clear,Weather - Snow,Weather - Cloudy,Weather - Fog/Smoke,Weather - Rain,Weather - Severe Wind,Weather - Unknown,Weather - Other,Weather - Other Text,Crash With,Highest Injury Severity,Property Damage?,CP Pre-Crash Movement,CP Any Air Bags Deployed?,CP Was Vehicle Towed?,CP Contact Area - Rear Left,CP Contact Area - Left,CP Contact Area - Front Left,CP Contact Area - Rear,CP Contact Area - Top,CP Contact Area - Front,CP Contact Area - Rear Right,CP Contact Area - Right,CP Contact Area - Front Right,CP Contact Area - Bottom,CP Contact Area - Unknown,SV Pre-Crash Movement,SV Any Air Bags Deployed?,SV Was Vehicle Towed?,SV Were All Passengers Belted?,SV Precrash Speed (MPH),SV Pre-crash Speed - Unknown,SV Contact Area - Rear Left,SV Contact Area - Left,SV Contact Area - Front Left,SV Contact Area - Rear,SV Contact Area - Top,SV Contact Area - Front,SV Contact Area - Rear Right,SV Contact Area - Right,SV Contact Area - Front Right,SV Contact Area - Bottom,SV Contact Area - Unknown,Data Availability - EDR,Data Availability - Police Rpt,Data Availability - Telematics,Data Availability - Complaints,Data Availability - Video,Data Availability - Other,Data Availability - No Data,Data Availability - Unknown,Law Enforcement Investigating?,Investigating Agency,Investigating Agency - Unknown,Rep Ent Or Mfr Investigating?,Investigating Officer Name,Inv. Officer Name - Unknown,Investigating Officer Phone,Inv. Officer Phone - Unknown,Investigating Officer Email,Inv. Officer Email - Unknown,Within ODD?,Within ODD? - CBI,Narrative,Narrative - CBI?
855-2464,1,"Mercedes-Benz USA, LLC",1-Day,,,Mar-22,W1KCG2EB8NA, ,N/A,Mercedes-Benz,EQS 450 4Matic, ,,Y,23b85ceefeb0e4d,58, ,In-Vehicle and Remote (Commercial / Test),"[REDACTED, MAY CONTAIN CONFIDENTIAL BUSINESS INFORMATION]", ,Y,Yes,ADS,Mercedes-Benz, , , , , , , ,Y,Preparation of Demonstration,Mar-22, ,Mar-22,8:50, ,e0cdab99aaf1a1f,,Y,,Y,[MAY CONTAIN PERSONALLY IDENTIFIABLE INFORMATION], ,Los Angeles, ,CA ,[MAY CONTAIN PERSONALLY IDENTIFIABLE INFORMATION], ,Parking Lot,Dry,"Other, see Narrative",5, ,Daylight,Y, , , , , , , ,,"Other, see Narrative",Minor,Yes,Parked,No,No, , , ,Y, , , , , , , ,"Other, see Narrative",No,No,No Passengers in Vehicle,1, , , , , , ,Y, , , , , , , , , , , , ,Y,No,, ,Yes,, ,, ,, ,"[REDACTED, MAY CONTAIN CONFIDENTIAL BUSINESS INFORMATION]",Y,"[REDACTED, MAY CONTAIN CONFIDENTIAL BUSINESS INFORMATION]",Y
30270-2358,2,Waymo LLC,10-Day Update,,,Feb-22,SADHW2S19M1, ,N/A,Jaguar,I-Pace, ,2021, ,6bc8160eed3f36f,8570, ,In-Vehicle (Commercial / Test),5th Generation ADS, , ,Yes,ADS,Waymo LLC, , ,Y, , , , , ,,Feb-22, ,Feb-22,17:46, ,ca46961b61f690a,[MAY CONTAIN PERSONALLY IDENTIFIABLE INFORMATION], ,[MAY CONTAIN PERSONALLY IDENTIFIABLE INFORMATION], ,[MAY CONTAIN PERSONALLY IDENTIFIABLE INFORMATION], ,San Francisco, ,CA ,[MAY CONTAIN PERSONALLY IDENTIFIABLE INFORMATION], ,Intersection,Dry,No Unusual Conditions,25, ,Dawn / Dusk,Y, , , , , , , ,,Non-Motorist: Cyclist,No Injuries Reported,Yes,Making Left Turn,,, , , , , , , , , , , ,Proceeding Straight,No,No,Yes,4, ,Y, , , , , , , , , , , , ,Y, ,Y,Y, , ,No,, ,Yes,, ,, ,, ,Yes, ,"Other than correcting the towing status of the Waymo AV, which was not towed, the content of this report is unchanged from the initial report submitted on February [XXX], 2022 [Report ID #30270-2248-1]. 
On February [XXX], 2022 at 5:46 PM PST a Waymo Autonomous Vehicle ('Waymo AV') operating in San Francisco, CA was in a collision involving a bicyclist on [XXX] at [XXX]. 
The Waymo AV was in autonomous mode and traveling southbound on [XXX] when it came to a stop at [XXX]. As the Waymo AV proceeded, a bicyclist traveling northbound on [XXX] proceeded through the stop sign without stopping in order to make a left turn onto westbound [XXX]. The Waymo AV began to brake and the test driver (in the driver's seating position), disengaged the AV system and continued braking. As the bicyclist attempted to complete their left turn, the bicyclist made contact with the driver side rear corner of the Waymo AV. At the time of the impact, the Waymo's Level 4 ADS was not engaged and a test driver was operating the Waymo AV in manual mode. The Waymo sustained damage.
Waymo is reporting this crash under Request No. 1 of Standing General Order 2021-01 because a vulnerable road user was involved. Waymo may supplement or correct its reporting with additional information as it may become available. This report was submitted from the Pacific time zone on the required date.", 
30270-2358,1,Waymo LLC,1-Day,,,Feb-22,SADHW2S19M1, ,N/A,Jaguar,I-Pace, ,2021, ,6bc8160eed3f36f,8570, ,In-Vehicle (Commercial / Test),5th Generation ADS, , ,Yes,ADS,Waymo LLC, , ,Y, , , , , ,,Feb-22, ,Feb-22,17:46, ,ca46961b61f690a,[MAY CONTAIN PERSONALLY IDENTIFIABLE INFORMATION], ,[MAY CONTAIN PERSONALLY IDENTIFIABLE INFORMATION], ,[MAY CONTAIN PERSONALLY IDENTIFIABLE INFORMATION], ,San Francisco, ,CA ,[MAY CONTAIN PERSONALLY IDENTIFIABLE INFORMATION], ,Intersection,Dry,No Unusual Conditions,25, ,Dawn / Dusk,Y, , , , , , , ,,Non-Motorist: Cyclist,No Injuries Reported,Yes,Making Left Turn,,, , , , , , , , , , , ,Proceeding Straight,No,No,Yes,4, ,Y, , , , , , , , , , , , ,Y, ,Y,Y, , ,No,, ,Yes,, ,, ,, ,Yes, ,"Other than updating the towing status of the Waymo AV, the content of this report is unchanged from the initial report submitted on February [XXX], 2022 [Report ID #30270-2248-1]. 
On February [XXX], 2022 at 5:46 PM PST a Waymo Autonomous Vehicle ('Waymo AV') operating in San Francisco, CA was in a collision involving a bicyclist on [XXX] at [XXX]. 
The Waymo AV was in autonomous mode and traveling southbound on [XXX] when it came to a stop at [XXX]. As the Waymo AV proceeded, a bicyclist traveling northbound on [XXX] proceeded through the stop sign without stopping in order to make a left turn onto westbound [XXX]. The Waymo AV began to brake and the test driver (in the driver's seating position), disengaged the AV system and continued braking. As the bicyclist attempted to complete their left turn, the bicyclist made contact with the driver side rear corner of the Waymo AV. At the time of the impact, the Waymo AV's Level 4 ADS was not engaged and a test driver was operating the Waymo AV in manual mode. The Waymo sustained damage.
Waymo is reporting this crash under Request No. 1 of Standing General Order 2021-01 because a vulnerable road user was involved. Waymo may supplement or correct its reporting with additional information as it may become available. This report was submitted from the Pacific time zone on the required date.", 
30270-2323,1,Waymo LLC,Monthly,1,2022,Feb-22,SADHW2S13M1, ,N/A,Jaguar,I-Pace, ,2021, ,ee70d1945e4b3b0,1078, ,In-Vehicle (Commercial / Test),5th Generation ADS, , ,Yes,ADS,Waymo LLC, , ,Y, , , , , ,,Jan-22, ,Jan-22,2:04, ,c1366ff879b2e05,[MAY CONTAIN PERSONALLY IDENTIFIABLE INFORMATION], ,[MAY CONTAIN PERSONALLY IDENTIFIABLE INFORMATION], ,[MAY CONTAIN PERSONALLY IDENTIFIABLE INFORMATION], ,San Francisco, ,CA ,[MAY CONTAIN PERSONALLY IDENTIFIABLE INFORMATION], ,Intersection,Dry,No Unusual Conditions,25, ,Dark - Lighted,Y, , , , , , , ,,SUV,No Injuries Reported,Yes,Crossing into Opposing Lane,Unknown,No, , , , , , , , , , ,Y,Proceeding Straight,No,No,Yes,1, , ,Y, , , , , , , , , , , ,Y, ,Y,Y, , ,Yes,San Francisco Police Dept., ,Yes,,Y,,Y,,Y,Yes, ,"On January [XXX], 2022 at 2:04 AM PST a Waymo Autonomous Vehicle (""Waymo AV"") operating in San Francisco, California was in a collision involving a passenger vehicle at [XXX] and [XXX].
While the Waymo AV was proceeding straight in autonomous mode on eastbound [XXX], a passenger vehicle turned right onto westbound [XXX] from [XXX], crossing the center lane line and traveling in the oncoming traffic lane. The driver of the Waymo AV transitioned the system into manual mode and slowed, and moved to the right most edge of the lane. The oncoming passenger vehicle struck the left side of the Waymo AV and immediately proceeded to leave the scene of the collision. At the time of the impact, the Waymo AV's Level 4 ADS was not engaged and a test driver (in the driver's seating position) was operating the Waymo AV in manual mode. The Waymo AV sustained moderate damage.
Waymo is reporting this crash under Request No. 2 of Standing General Order 2021-01. Waymo may supplement or correct its reporting with additional information as it may become available. This report was submitted from the Pacific time zone on the required date.", 
30270-2329,1,Waymo LLC,Monthly,1,2022,Feb-22,SADHW2S12M1, ,N/A,Jaguar,I-Pace, ,2021, ,415510c86f8a0cf,18214, ,In-Vehicle (Commercial / Test),5th Generation ADS, , ,Yes,ADS,Waymo LLC, , ,Y, , , , , ,,Jan-22, ,Jan-22,6:30, ,fb21c8dbc9a660d,[MAY CONTAIN PERSONALLY IDENTIFIABLE INFORMATION], ,[MAY CONTAIN PERSONALLY IDENTIFIABLE INFORMATION], ,[MAY CONTAIN PERSONALLY IDENTIFIABLE INFORMATION], ,San Francisco, ,CA ,[MAY CONTAIN PERSONALLY IDENTIFIABLE INFORMATION], ,Intersection,Dry,No Unusual Conditions,25, ,Dark - Lighted,Y, , , , , , , ,,Passenger Car,No Injuries Reported,Yes,Proceeding Straight,No,No, , , , , ,Y, , , , , ,Proceeding Straight,No,No,Yes,4, , , , ,Y, , ,Y, , , , , , ,Y, ,Y,Y, , ,No,, ,Yes,, ,, ,, ,Yes, ,"On January [XXX], 2022 at 6:30 AM PST a Waymo Autonomous Vehicle ('Waymo AV') operating in San Francisco, CA was in a collision involving a passenger vehicle on [XXX] at [XXX].
The Waymo AV was stopped at a red light on northbound [XXX] at [XXX]. After the traffic light turned green and the Waymo AV had begun to accelerate, the passenger vehicle behind the Waymo AV made contact with the rear of the Waymo AV. At the time of the impact, the Waymo AV's Level 4 ADS was engaged in autonomous mode, and a test driver was present (in the driver's seating position). The Waymo AV and the trailing passenger vehicle both sustained minor damage.
Waymo is reporting this crash under Request No. 2 of Standing General Order 2021-01. Waymo may supplement or correct its reporting with additional information as it may become available. This report was submitted from the Pacific time zone on the required date.", 
30270-2328,1,Waymo LLC,Monthly,1,2022,Feb-22,SADHW2S19M1, ,N/A,Jaguar,I-Pace, ,2021, ,82ca7b5717c14e4,19453, ,In-Vehicle (Commercial / Test),5th Generation ADS, , ,Yes,ADS,Waymo LLC, , ,Y, , , , , ,,Jan-22, ,Jan-22,14:24, ,2bbc30ea7de3b1b,[MAY CONTAIN PERSONALLY IDENTIFIABLE INFORMATION], ,[MAY CONTAIN PERSONALLY IDENTIFIABLE INFORMATION], ,[MAY CONTAIN PERSONALLY IDENTIFIABLE INFORMATION], ,San Francisco, ,CA ,[MAY CONTAIN PERSONALLY IDENTIFIABLE INFORMATION], ,Intersection,Dry,No Unusual Conditions,25, ,Daylight,Y, , , , , , , ,,SUV,No Injuries Reported,Yes,Proceeding Straight,No,No, , ,Y, , , , , , , , ,Stopped,No,No,Yes,0, , , , , , , ,Y, , , , , , ,Y, ,Y,Y, , ,No,, ,Yes,, ,, ,, ,Yes, ,"On January [XXX], 2022 at 2:24 PM PST a Waymo Autonomous Vehicle ('Waymo AV') operating in San Francisco, California was in a collision involving an SUV on [XXX] at [XXX]. 
The Waymo AV was stopped at a red light facing north on [XXX] in autonomous mode at the [XXX] intersection. The light turned green and the Waymo AV proceeded partially into the intersection, yielding to pedestrians in the left crosswalk while preparing to make a left turn. An SUV parked behind the Waymo AV on the right shoulder of Sacramento street pulled out of the shoulder and made contact with the right side of the rear of the Waymo AV. At the time of the impact, the Waymo AV's Level 4 ADS was engaged in autonomous mode, and a test driver was present (in the driver's seating position). The Waymo AV sustained minor damage. 
Waymo is reporting this crash under Request No. 2 of Standing General Order 2021-01. Waymo may supplement or correct its reporting with additional information as it may become available. This report was submitted from the Pacific time zone on the required date.", 
30270-2327,1,Waymo LLC,Monthly,1,2022,Feb-22,SADHW2S18M1, ,N/A,Jaguar,I-Pace, ,2021, ,3fa13431ff0349d,19509, ,In-Vehicle (Commercial / Test),5th Generation ADS, , ,Yes,ADS,Waymo LLC, , ,Y, , , , , ,,Jan-22, ,Jan-22,9:00, ,c961e0fa66063ae,[MAY CONTAIN PERSONALLY IDENTIFIABLE INFORMATION], ,[MAY CONTAIN PERSONALLY IDENTIFIABLE INFORMATION], ,[MAY CONTAIN PERSONALLY IDENTIFIABLE INFORMATION], ,San Francisco, ,CA ,[MAY CONTAIN PERSONALLY IDENTIFIABLE INFORMATION], ,Intersection,Dry,No Unusual Conditions,35, ,Daylight,Y, , , , , , , ,,Heavy Truck,No Injuries Reported,Yes,Proceeding Straight,No,No, , ,Y, , ,Y, , , , , ,Stopped,No,No,Yes,0, , , , , , , ,Y, , , , , , ,Y, ,Y,Y, , ,No,, ,Yes,, ,, ,, ,Yes, ,"On January [XXX], 2022 at 9:00 AM PST a Waymo Autonomous Vehicle ('Waymo AV') operating in San Francisco, California was in a collision involving a box truck at the northbound merge lane on the 100 block of [XXX]. 
While attempting a merge onto northbound [XXX] from southbound [XXX], the Waymo AV came to a stop to yield for approaching traffic on the right. The box truck then made contact with the rear of the Waymo AV. At the time of the impact, the Waymo AV's Level 4 ADS was engaged in autonomous mode, and a test driver was present (in the driver's seating position). The Waymo AV and the box truck both sustained minor damage.
Waymo is reporting this crash under Request No. 2 of Standing General Order 2021-01. Waymo may supplement or correct its reporting with additional information as it may become available. This report was submitted from the Pacific time zone on the required date.", 
30610-2245,1,"Zoox, Inc.",Monthly,1,2022,Feb-22,5TDDCRFHXGS, ,N/A,Toyota,Highlander, ,2016, ,39dfd67295f44eb,32899, ,In-Vehicle (Commercial / Test),10.22.01.11, , ,Yes,ADS,Zoox Inc., , , , , ,Y, , ,,Jan-22, ,Jan-22,8:55, ,7caf349415e0dd6,[MAY CONTAIN PERSONALLY IDENTIFIABLE INFORMATION], ,[MAY CONTAIN PERSONALLY IDENTIFIABLE INFORMATION], ,[MAY CONTAIN PERSONALLY IDENTIFIABLE INFORMATION], ,San Francisco, ,CA ,[MAY CONTAIN PERSONALLY IDENTIFIABLE INFORMATION], ,Street,Dry,No Unusual Conditions,25, ,Daylight,Y, , , , , , , ,,Passenger Car,No Injuries Reported,Yes,Proceeding Straight,Unknown,Unknown, , , , , ,Y, , , , , ,Stopped,No,No,Yes,0, , , , ,Y, , , , , , , ,Y, ,Y, ,Y, , , ,No,, ,No,, ,, ,, ,Yes, ,A stopped Zoox vehicle in autonomous mode was struck by a passenger vehicle that approached it at low speed from behind. The Zoox vehicle incurred damage to its sensors and rear bumper. There were no injuries and the police were not called., 
540-2220,2,"General Motors, LLC",10-Day Update,,,Feb-22,5G21A6P07L4, ,N/A,Cruise,AV, ,2020, ,d273b956f145a16,39252, ,In-Vehicle (Commercial / Test),,Y, ,Yes,ADS,Cruise LLC, , , , ,Y,Y, , ,,Jan-22, ,Feb-22,13:10, ,db822920fda66b7,[MAY CONTAIN PERSONALLY IDENTIFIABLE INFORMATION], ,[MAY CONTAIN PERSONALLY IDENTIFIABLE INFORMATION], ,[MAY CONTAIN PERSONALLY IDENTIFIABLE INFORMATION], ,San Francisco, ,CA ,[MAY CONTAIN PERSONALLY IDENTIFIABLE INFORMATION], ,Street,Dry,No Unusual Conditions,25, ,Daylight,Y, , , , , , , ,,Non-Motorist: Cyclist,Minor,No,Lane / Road Departure,,, , , , , , , , , , , ,Proceeding Straight,No,No,Yes,7, , , , , , , ,Y, , , , ,Y, ,Y, ,Y,Y, , ,No,, ,Yes,, ,, ,, ,"Unknown, see Narrative", ,"On February [XXX], 2022, GM Cruise Holdings LLC (""Cruise"") filed an Incident Report (the ""Report"") under the Standing General Order 2021-01 dated June 29, 2021 (the ""Order).  General Motors LLC (""GM"") manufactured the Cruise-operated motor vehicle involved in the alleged incident summarized in the Incident Report.  Because GM is also a Reporting Entity under the Order, GM is submitting a duplicate of the redacted public copy of the Report.  GM has selected ""Unknown"" in the ""ADS version"" and ""ODD time"" fields solely to avoid a second submission of nonpublic Cruise CBI GM is in possession of Cruise's responses to these fields, and incorporates Cruise's responses into this submission by reference.  GM's submission is based on facts supplied to GM by Cruise.  GM has not investigated the alleged incident and currently believes, based on a reasonable inquiry, that it has no independent knowledge of the facts in the Report.  (Reference file: (30412-2216-2).", 
30412-2216,2,Cruise LLC,10-Day Update,,,Feb-22,5G21A6P07L4, ,N/A,Cruise,AV, ,2020, ,d273b956f145a16,39252, ,In-Vehicle (Commercial / Test),"[REDACTED, MAY CONTAIN CONFIDENTIAL BUSINESS INFORMATION]", ,Y,Yes,ADS,Cruise LLC, , , , ,Y,Y, , ,,Jan-22, ,Feb-22,13:10, ,db822920fda66b7,[MAY CONTAIN PERSONALLY IDENTIFIABLE INFORMATION], ,[MAY CONTAIN PERSONALLY IDENTIFIABLE INFORMATION], ,[MAY CONTAIN PERSONALLY IDENTIFIABLE INFORMATION], ,San Francisco, ,CA ,[MAY CONTAIN PERSONALLY IDENTIFIABLE INFORMATION], ,Street,Dry,No Unusual Conditions,25, ,Daylight,Y, , , , , , , ,,Non-Motorist: Cyclist,Minor,No,Lane / Road Departure,,, , , , , , , , , , , ,Proceeding Straight,No,No,Yes,7, , , , , , , ,Y, , , , ,Y, ,Y, ,Y,Y, , ,No,, ,Yes,, ,, ,, ,"[REDACTED, MAY CONTAIN CONFIDENTIAL BUSINESS INFORMATION]",Y,"A Cruise autonomous vehicle (""Cruise AV""), operating in supervised autonomous mode, was traveling southbound on [XXX] between 1[XXX] and [XXX]. The Cruise AV approached the intersection with [XXX] as a Toyota Tundra traveling southbound on [XXX] was making a right turn onto westbound [XXX]. The Toyota Tundra was yielding for pedestrians and blocking the bike lane on southbound [XXX] with Cyclist 1 and Cyclist 2 approaching. The Cruise AV braked for the two cyclists as Cyclist 3 traveling behind the Cruise AV veered left to avoid another vehicle pulling out of a curbside parking spot. Cyclist 3 then made contact with the right rear bumper of the Cruise AV, falling off their bike. Initially, there were no reported injuries and police were not called. [REDACTED CONFIDENTIAL BUSINESS INFORMATION]
Cruise learned of this incident on January [XXX], 2022. On February [XXX], 2022, Cruise learned Cyclist 3 reported minor injuries related to the incident.",Y
30270-2248,1,Waymo LLC,1-Day,,,Feb-22,SADHW2S19M1, ,N/A,Jaguar,I-Pace, ,2021, ,6bc8160eed3f36f,8570, ,In-Vehicle (Commercial / Test),5th Generation ADS, , ,Yes,ADS,Waymo LLC, , ,Y, , , , , ,,Feb-22, ,Feb-22,17:46, ,ca46961b61f690a,[MAY CONTAIN PERSONALLY IDENTIFIABLE INFORMATION], ,[MAY CONTAIN PERSONALLY IDENTIFIABLE INFORMATION], ,[MAY CONTAIN PERSONALLY IDENTIFIABLE INFORMATION], ,San Francisco, ,CA ,[MAY CONTAIN PERSONALLY IDENTIFIABLE INFORMATION], ,Intersection,Dry,No Unusual Conditions,25, ,Dawn / Dusk,Y, , , , , , , ,,Non-Motorist: Cyclist,No Injuries Reported,Yes,Making Left Turn,,, , , , , , , , , , , ,Proceeding Straight,No,No,Yes,4, ,Y, , , , , , , , , , , , ,Y, ,Y,Y, , ,No,, ,Yes,, ,, ,, ,Yes, ,"On February [XXX], 2022 at 5:46 PM PST a Waymo Autonomous Vehicle ('Waymo AV') operating in San Francisco, CA was in a collision involving a bicyclist on [XXX] at [XXX]. 
The Waymo AV was in autonomous mode and traveling southbound on [XXX] when it came to a stop at [XXX]. As the Waymo AV proceeded, a bicyclist traveling northbound on [XXX] proceeded through the stop sign without stopping in order to make a left turn onto westbound [XXX]. The Waymo AV began to brake and the test driver (in the driver's seating position), disengaged the AV system and continued braking. As the bicyclist attempted to complete their left turn, the bicyclist made contact with the driver side rear corner of the Waymo AV. At the time of the impact, the Waymo AV's Level 4 ADS was not engaged and a test driver was operating the Waymo AV in manual mode. The Waymo sustained damage.
Waymo is reporting this crash under Request No. 1 of Standing General Order 2021-01 because a vulnerable road user was involved. Waymo may supplement or correct its reporting with additional information as it may become available. This report was submitted from the Pacific time zone on the required date.", 
30610-2227,1,"Zoox, Inc.",1-Day,,,Feb-22,5TDDCRFH0GS, ,N/A,Toyota,Highlander, ,2016, ,01df4e5181a9e89,57706, ,In-Vehicle (Commercial / Test),74.22.02.06, , ,Yes,ADAS,Zoox, , , , , ,Y, , ,,Feb-22, ,Feb-22,8:40, ,60fe7e3c889b2c0,[MAY CONTAIN PERSONALLY IDENTIFIABLE INFORMATION], ,[MAY CONTAIN PERSONALLY IDENTIFIABLE INFORMATION], ,[MAY CONTAIN PERSONALLY IDENTIFIABLE INFORMATION], ,San Francisco, ,CA ,[MAY CONTAIN PERSONALLY IDENTIFIABLE INFORMATION], ,Street,Dry,No Unusual Conditions,25, ,Daylight,Y, , , , , , , ,,Non-Motorist: Cyclist,Unknown,Unknown,Crossing into Opposing Lane,,, , , , , , , , , , , ,Stopped,No,No,Yes,0, , , , , , ,Y, , , , , ,Y, ,Y, ,Y, , , ,No,, ,Yes,, ,, ,, ,Yes, ,"A Zoox vehicle in manual mode was stopped on [XXX], when a bicyclist riding on the wrong side of the street rode into the front bumper of the Zoox vehicle. The Zoox vehicle did not incur any damage. There were no injuries and the police were not called. Autonomy was engaged within the 30 second period prior to the collision.", 
30270-2226,1,Waymo LLC,1-Day,,,Feb-22,SADHW2S12M1, ,N/A,Jaguar,I-Pace, ,2021, ,6e7c9396161664d,12241, ,In-Vehicle (Commercial / Test),5th Generation ADS, , ,Yes,ADS,Waymo LLC, , ,Y, , , , , ,,Jan-22, ,Jan-22,20:40, ,0348df51e94570a,[MAY CONTAIN PERSONALLY IDENTIFIABLE INFORMATION], ,[MAY CONTAIN PERSONALLY IDENTIFIABLE INFORMATION], ,[MAY CONTAIN PERSONALLY IDENTIFIABLE INFORMATION], ,San Francisco, ,CA ,[MAY CONTAIN PERSONALLY IDENTIFIABLE INFORMATION], ,Intersection,Dry,No Unusual Conditions,25, ,Dark - Lighted,Y, , , , , , , ,,SUV,No Injuries Reported,Yes,Proceeding Straight,No,No, , , , , ,Y, , ,Y, , ,Proceeding Straight,No,Yes,Yes,1, ,Y, , ,Y, , , , , , , , , ,Y, ,Y,Y, , ,Unknown,San Francisco Police Department, ,Yes,,Y,,Y,,Y,Yes, ,"Other than updating the Waymo AV's speed and damage description, the content of this report is unchanged from the initial report submitted on January [XXX], 2022 [Report ID # 30270-2198-1]. 
On January [XXX], 2022 at 8:40 PM PST a Waymo Autonomous Vehicle ('Waymo AV') operating in San Francisco, CA was in a collision involving a SUV on [XXX] at [XXX].
While proceeding straight on eastbound [XXX] in autonomous mode, the Waymo AV slowed down and came to a halt at the stop sign at the intersection with [XXX]. As the Waymo began to proceed, a SUV approached the Waymo AV from behind and made contact with the rear of the Waymo AV. At the time of the impact, the Waymo AV's Level 4 ADS was engaged in autonomous mode, and a test driver was present (in the driver's seating position). The Waymo AV sustained moderate damage.
Waymo is reporting this crash under Request No. 1 of Standing General Order 2021-01 because the Waymo vehicle was towed away. Waymo may supplement or correct its reporting with additional information as it may become available. This report was submitted from the Pacific time zone on the required date.", 
540-2220,1,"General Motors, LLC",1-Day,,,Feb-22,5G21A6P07L4, ,N/A,Cruise,AV, ,2020, ,d273b956f145a16,39252, ,In-Vehicle (Commercial / Test),,Y, ,Yes,ADS,Cruise LLC, , , , ,Y,Y, , ,,Jan-22, ,Feb-22,13:10, ,db822920fda66b7,[MAY CONTAIN PERSONALLY IDENTIFIABLE INFORMATION], ,[MAY CONTAIN PERSONALLY IDENTIFIABLE INFORMATION], ,[MAY CONTAIN PERSONALLY IDENTIFIABLE INFORMATION], ,San Francisco, ,CA ,[MAY CONTAIN PERSONALLY IDENTIFIABLE INFORMATION], ,Street,Dry,No Unusual Conditions,25, ,Daylight,Y, , , , , , , ,,Non-Motorist: Cyclist,Minor,No,Lane / Road Departure,,, , , , , , , , , , , ,Proceeding Straight,No,No,Yes,7, , , , , , , ,Y, , , , ,Y, ,Y, ,Y,Y, , ,No,, ,Yes,, ,, ,, ,"Unknown, see Narrative", ,"On February [XXX], 2022, GM Cruise Holdings LLC (""Cruise"") filed an Incident Report (the ""Report"") under the Standing General Order 2021-01 dated June 29, 2021 (the ""Order).  General Motors LLC (""GM"") manufactured the Cruise-operated motor vehicle involved in the alleged incident summarized in the Incident Report.  Because GM is also a Reporting Entity under the Order, GM is submitting a duplicate of the redacted public copy of the Report.  GM has selected ""Unknown"" in the ""ADS version"" and ""ODD time"" fields solely to avoid a second submission of nonpublic Cruise CBI GM is in possession of Cruise's responses to these fields, and incorporates Cruise's responses into this submission by reference.  GM's submission is based on facts supplied to GM by Cruise.  GM has not investigated the alleged incident and currently believes, based on a reasonable inquiry, that it has no independent knowledge of the facts in the Report.  (Reference file: (30412-2216-1).", 
30412-2216,1,Cruise LLC,1-Day,,,Feb-22,5G21A6P07L4, ,N/A,Cruise,AV, ,2020, ,d273b956f145a16,39252, ,In-Vehicle (Commercial / Test),"[REDACTED, MAY CONTAIN CONFIDENTIAL BUSINESS INFORMATION]", ,Y,Yes,ADS,Cruise LLC, , , , ,Y,Y, , ,,Jan-22, ,Feb-22,13:10, ,db822920fda66b7,[MAY CONTAIN PERSONALLY IDENTIFIABLE INFORMATION], ,[MAY CONTAIN PERSONALLY IDENTIFIABLE INFORMATION], ,[MAY CONTAIN PERSONALLY IDENTIFIABLE INFORMATION], ,San Francisco, ,CA ,[MAY CONTAIN PERSONALLY IDENTIFIABLE INFORMATION], ,Street,Dry,No Unusual Conditions,25, ,Daylight,Y, , , , , , , ,,Non-Motorist: Cyclist,Minor,No,Lane / Road Departure,,, , , , , , , , , , , ,Proceeding Straight,No,No,Yes,7, , , , , , , ,Y, , , , ,Y, ,Y, ,Y,Y, , ,No,, ,Yes,, ,, ,, ,"[REDACTED, MAY CONTAIN CONFIDENTIAL BUSINESS INFORMATION]",Y,"A Cruise autonomous vehicle (""Cruise AV""), operating in supervised autonomous mode, was traveling southbound on [XXX] between [XXX] and [XXX]. The Cruise AV approached the intersection with [XXX] as a Toyota Tundra traveling southbound on [XXX] was making a right turn onto westbound [XXX]. The Toyota Tundra was yielding for pedestrians and blocking the bike lane on southbound [XXX] with Cyclist 1 and Cyclist 2 approaching. The Cruise AV braked for the two cyclists as Cyclist 3 traveling behind the Cruise AV veered left to avoid another vehicle pulling out of a curbside parking spot. Cyclist 3 then made contact with the right rear bumper of the Cruise AV, falling off their bike. Initially, there were no reported injuries and police were not called. [REDACTED CONFIDENTIAL BUSINESS INFORMATION]
Cruise learned of this incident on January [XXX], 2022. On February [XXX], 2022, Cruise learned Cyclist 3 reported minor injuries related to the incident.",Y